[Fri May  1 07:40:15 2026] PHP 8.2.12 Development Server (http://localhost:8000) started
[Fri May  1 17:18:47 2026] [::1]:51105 Accepted
[Fri May  1 17:18:47 2026] [::1]:51105 [302]: GET /
[Fri May  1 17:18:47 2026] [::1]:51105 Closing
[Fri May  1 17:18:47 2026] [::1]:51106 Accepted
[Fri May  1 17:18:47 2026] PHP Fatal error:  Cannot redeclare App\Models\Batch::getExpiringByDateRange() in C:\Users\Danny Ricaro\Downloads\healthcare-supply-chain\app\Models\Batch.php on line 76
[Fri May  1 17:18:47 2026] [::1]:51106 [200]: GET /dashboard - Cannot redeclare App\Models\Batch::getExpiringByDateRange() in C:\Users\Danny Ricaro\Downloads\healthcare-supply-chain\app\Models\Batch.php on line 76
[Fri May  1 17:18:47 2026] [::1]:51106 Closing
[Fri May  1 17:19:20 2026] [::1]:51108 Accepted
[Fri May  1 17:19:20 2026] [::1]:51109 Accepted
[Fri May  1 17:19:21 2026] [::1]:51108 [200]: GET /dashboard
[Fri May  1 17:19:21 2026] [::1]:51108 Closing
[Fri May  1 17:19:21 2026] [::1]:51109 [200]: GET /assets/css/premium.css
[Fri May  1 17:19:21 2026] [::1]:51111 Accepted
[Fri May  1 17:19:21 2026] [::1]:51112 Accepted
[Fri May  1 17:19:21 2026] [::1]:51111 [200]: GET /assets/css/topbar-fix.css
[Fri May  1 17:19:21 2026] [::1]:51113 Accepted
[Fri May  1 17:19:21 2026] [::1]:51112 [200]: GET /assets/css/notifications.css
[Fri May  1 17:19:21 2026] [::1]:51109 Closing
[Fri May  1 17:19:21 2026] [::1]:51114 Accepted
[Fri May  1 17:19:21 2026] [::1]:51113 [200]: GET /assets/css/calendar.css
[Fri May  1 17:19:21 2026] [::1]:51114 [200]: GET /assets/css/modern-dashboard.css
[Fri May  1 17:19:21 2026] [::1]:51111 Closing
[Fri May  1 17:19:21 2026] [::1]:51112 Closing
[Fri May  1 17:19:21 2026] [::1]:51113 Closing
[Fri May  1 17:19:21 2026] [::1]:51114 Closing
[Fri May  1 17:19:22 2026] [::1]:51115 Accepted
[Fri May  1 17:19:22 2026] [::1]:51115 [200]: GET /api/notifications
[Fri May  1 17:19:22 2026] [::1]:51115 Closing
[Fri May  1 17:19:26 2026] [::1]:51117 Accepted
[Fri May  1 17:19:26 2026] [::1]:51117 [200]: GET /api/calendar/expiring?month=2026-06
[Fri May  1 17:19:26 2026] [::1]:51117 Closing
[Fri May  1 17:19:26 2026] [::1]:51119 Accepted
[Fri May  1 17:19:26 2026] [::1]:51119 [200]: GET /api/calendar/expiring?month=2026-07
[Fri May  1 17:19:26 2026] [::1]:51119 Closing
[Fri May  1 17:19:27 2026] [::1]:51121 Accepted
[Fri May  1 17:19:27 2026] [::1]:51121 [200]: GET /api/calendar/expiring?month=2026-06
[Fri May  1 17:19:27 2026] [::1]:51121 Closing
[Fri May  1 17:19:27 2026] [::1]:51123 Accepted
[Fri May  1 17:19:27 2026] [::1]:51123 [200]: GET /api/calendar/expiring?month=2026-05
[Fri May  1 17:19:27 2026] [::1]:51123 Closing
[Fri May  1 17:19:30 2026] [::1]:51125 Accepted
[Fri May  1 17:19:30 2026] [::1]:51125 [200]: GET /api/calendar/expiring?month=2026-06
[Fri May  1 17:19:30 2026] [::1]:51125 Closing
[Fri May  1 17:19:31 2026] [::1]:51127 Accepted
[Fri May  1 17:19:31 2026] [::1]:51127 [200]: GET /api/calendar/expiring?month=2026-05
[Fri May  1 17:19:31 2026] [::1]:51127 Closing
[Fri May  1 17:19:31 2026] [::1]:51129 Accepted
[Fri May  1 17:19:31 2026] [::1]:51129 [200]: GET /api/calendar/expiring?month=2026-04
[Fri May  1 17:19:31 2026] [::1]:51129 Closing
[Fri May  1 17:19:32 2026] [::1]:51131 Accepted
[Fri May  1 17:19:32 2026] [::1]:51131 [200]: GET /api/calendar/expiring?month=2026-03
[Fri May  1 17:19:32 2026] [::1]:51131 Closing
[Fri May  1 17:19:32 2026] [::1]:51133 Accepted
[Fri May  1 17:19:32 2026] [::1]:51133 [200]: GET /api/calendar/expiring?month=2026-04
[Fri May  1 17:19:32 2026] [::1]:51133 Closing
[Fri May  1 17:19:33 2026] [::1]:51135 Accepted
[Fri May  1 17:19:33 2026] [::1]:51135 [200]: GET /api/calendar/expiring?month=2026-05
[Fri May  1 17:19:33 2026] [::1]:51135 Closing
[Fri May  1 17:21:21 2026] [::1]:51137 Accepted
[Fri May  1 17:21:21 2026] [::1]:51137 [200]: GET /api/notifications
[Fri May  1 17:21:21 2026] [::1]:51137 Closing
[Fri May  1 17:23:21 2026] [::1]:51155 Accepted
[Fri May  1 17:23:22 2026] [::1]:51155 [200]: GET /api/notifications
[Fri May  1 17:23:22 2026] [::1]:51155 Closing
[Fri May  1 17:25:22 2026] [::1]:51165 Accepted
[Fri May  1 17:25:22 2026] [::1]:51165 [200]: GET /api/notifications
[Fri May  1 17:25:22 2026] [::1]:51165 Closing
[Fri May  1 17:27:22 2026] [::1]:51174 Accepted
[Fri May  1 17:27:22 2026] [::1]:51174 [200]: GET /api/notifications
[Fri May  1 17:27:22 2026] [::1]:51174 Closing
[Fri May  1 17:29:22 2026] [::1]:51183 Accepted
[Fri May  1 17:29:22 2026] [::1]:51183 [200]: GET /api/notifications
[Fri May  1 17:29:22 2026] [::1]:51183 Closing
[Fri May  1 17:32:25 2026] [::1]:51191 Accepted
[Fri May  1 17:32:25 2026] [::1]:51191 [200]: GET /api/notifications
[Fri May  1 17:32:25 2026] [::1]:51191 Closing
[Fri May  1 17:32:34 2026] [::1]:51193 Accepted
[Fri May  1 17:32:34 2026] [::1]:51193 [200]: GET /dashboard
[Fri May  1 17:32:34 2026] [::1]:51193 Closing
[Fri May  1 17:32:34 2026] [::1]:51194 Accepted
[Fri May  1 17:32:34 2026] [::1]:51194 [200]: GET /assets/css/premium.css
[Fri May  1 17:32:34 2026] [::1]:51197 Accepted
[Fri May  1 17:32:34 2026] [::1]:51194 Closing
[Fri May  1 17:32:34 2026] [::1]:51198 Accepted
[Fri May  1 17:32:34 2026] [::1]:51199 Accepted
[Fri May  1 17:32:34 2026] [::1]:51200 Accepted
[Fri May  1 17:32:34 2026] [::1]:51197 [200]: GET /assets/css/topbar-fix.css
[Fri May  1 17:32:34 2026] [::1]:51197 Closing
[Fri May  1 17:32:34 2026] [::1]:51198 [200]: GET /assets/css/notifications.css
[Fri May  1 17:32:34 2026] [::1]:51199 [200]: GET /assets/css/calendar.css
[Fri May  1 17:32:34 2026] [::1]:51198 Closing
[Fri May  1 17:32:34 2026] [::1]:51199 Closing
[Fri May  1 17:32:34 2026] [::1]:51200 [200]: GET /assets/css/modern-dashboard.css
[Fri May  1 17:32:34 2026] [::1]:51200 Closing
[Fri May  1 17:32:34 2026] [::1]:51201 Accepted
[Fri May  1 17:32:34 2026] [::1]:51201 [200]: GET /api/notifications
[Fri May  1 17:32:34 2026] [::1]:51201 Closing
[Fri May  1 17:32:36 2026] [::1]:51204 Accepted
[Fri May  1 17:32:36 2026] [::1]:51204 [200]: GET /api/calendar/expiring?month=2026-06
[Fri May  1 17:32:36 2026] [::1]:51204 Closing
[Fri May  1 17:32:37 2026] [::1]:51206 Accepted
[Fri May  1 17:32:37 2026] [::1]:51206 [200]: GET /api/calendar/expiring?month=2026-07
[Fri May  1 17:32:37 2026] [::1]:51206 Closing
[Fri May  1 17:32:38 2026] [::1]:51208 Accepted
[Fri May  1 17:32:38 2026] [::1]:51208 [200]: GET /api/calendar/expiring?month=2026-06
[Fri May  1 17:32:38 2026] [::1]:51208 Closing
[Fri May  1 17:32:38 2026] [::1]:51210 Accepted
[Fri May  1 17:32:38 2026] [::1]:51210 [200]: GET /api/calendar/expiring?month=2026-05
[Fri May  1 17:32:38 2026] [::1]:51210 Closing
[Fri May  1 17:32:39 2026] [::1]:51212 Accepted
[Fri May  1 17:32:39 2026] [::1]:51212 [200]: GET /api/calendar/expiring?month=2026-06
[Fri May  1 17:32:39 2026] [::1]:51212 Closing
[Fri May  1 17:32:43 2026] [::1]:51214 Accepted
[Fri May  1 17:32:43 2026] [::1]:51214 [200]: GET /api/calendar/expiring?month=2026-07
[Fri May  1 17:32:43 2026] [::1]:51214 Closing
[Fri May  1 17:32:44 2026] [::1]:51216 Accepted
[Fri May  1 17:32:44 2026] [::1]:51216 [200]: GET /api/calendar/expiring?month=2026-08
[Fri May  1 17:32:44 2026] [::1]:51216 Closing
[Fri May  1 17:32:45 2026] [::1]:51218 Accepted
[Fri May  1 17:32:45 2026] [::1]:51218 [200]: GET /api/calendar/expiring?month=2026-07
[Fri May  1 17:32:45 2026] [::1]:51218 Closing
[Fri May  1 17:32:45 2026] [::1]:51220 Accepted
[Fri May  1 17:32:45 2026] [::1]:51220 [200]: GET /api/calendar/expiring?month=2026-06
[Fri May  1 17:32:45 2026] [::1]:51220 Closing
[Fri May  1 17:34:34 2026] [::1]:51228 Accepted
[Fri May  1 17:34:34 2026] [::1]:51228 [200]: GET /api/notifications
[Fri May  1 17:34:34 2026] [::1]:51228 Closing
[Fri May  1 17:36:34 2026] [::1]:51241 Accepted
[Fri May  1 17:36:34 2026] [::1]:51241 [200]: GET /api/notifications
[Fri May  1 17:36:34 2026] [::1]:51241 Closing
[Fri May  1 17:36:51 2026] [::1]:51244 Accepted
[Fri May  1 17:36:51 2026] [::1]:51245 Accepted
[Fri May  1 17:36:51 2026] [::1]:51244 [200]: GET /dashboard
[Fri May  1 17:36:51 2026] [::1]:51244 Closing
[Fri May  1 17:36:51 2026] [::1]:51245 [200]: GET /assets/css/premium.css
[Fri May  1 17:36:51 2026] [::1]:51245 Closing
[Fri May  1 17:36:51 2026] [::1]:51248 Accepted
[Fri May  1 17:36:51 2026] [::1]:51249 Accepted
[Fri May  1 17:36:51 2026] [::1]:51250 Accepted
[Fri May  1 17:36:51 2026] [::1]:51251 Accepted
[Fri May  1 17:36:51 2026] [::1]:51248 [200]: GET /assets/css/topbar-fix.css
[Fri May  1 17:36:51 2026] [::1]:51249 [200]: GET /assets/css/notifications.css
[Fri May  1 17:36:51 2026] [::1]:51250 [200]: GET /assets/css/calendar.css
[Fri May  1 17:36:51 2026] [::1]:51251 [200]: GET /assets/css/modern-dashboard.css
[Fri May  1 17:36:51 2026] [::1]:51248 Closing
[Fri May  1 17:36:51 2026] [::1]:51249 Closing
[Fri May  1 17:36:51 2026] [::1]:51250 Closing
[Fri May  1 17:36:51 2026] [::1]:51251 Closing
[Fri May  1 17:36:51 2026] [::1]:51252 Accepted
[Fri May  1 17:36:51 2026] [::1]:51252 [200]: GET /api/notifications
[Fri May  1 17:36:51 2026] [::1]:51252 Closing
[Fri May  1 17:36:52 2026] [::1]:51254 Accepted
[Fri May  1 17:36:52 2026] [::1]:51254 [200]: GET /api/calendar/expiring?month=2026-06
[Fri May  1 17:36:52 2026] [::1]:51254 Closing
[Fri May  1 17:36:53 2026] [::1]:51257 Accepted
[Fri May  1 17:36:54 2026] [::1]:51257 [200]: GET /api/calendar/expiring?month=2026-07
[Fri May  1 17:36:54 2026] [::1]:51257 Closing
[Fri May  1 17:36:54 2026] [::1]:51259 Accepted
[Fri May  1 17:36:54 2026] [::1]:51259 [200]: GET /api/calendar/expiring?month=2026-08
[Fri May  1 17:36:54 2026] [::1]:51259 Closing
[Fri May  1 17:36:55 2026] [::1]:51261 Accepted
[Fri May  1 17:36:55 2026] [::1]:51261 [200]: GET /api/calendar/expiring?month=2026-09
[Fri May  1 17:36:55 2026] [::1]:51261 Closing
[Fri May  1 17:36:55 2026] [::1]:51263 Accepted
[Fri May  1 17:36:55 2026] [::1]:51263 [200]: GET /api/calendar/expiring?month=2026-10
[Fri May  1 17:36:55 2026] [::1]:51263 Closing
[Fri May  1 17:36:56 2026] [::1]:51265 Accepted
[Fri May  1 17:36:56 2026] [::1]:51265 [200]: GET /api/calendar/expiring?month=2026-11
[Fri May  1 17:36:56 2026] [::1]:51265 Closing
[Fri May  1 17:36:56 2026] [::1]:51267 Accepted
[Fri May  1 17:36:56 2026] [::1]:51267 [200]: GET /api/calendar/expiring?month=2026-12
[Fri May  1 17:36:56 2026] [::1]:51267 Closing
[Fri May  1 17:36:56 2026] [::1]:51269 Accepted
[Fri May  1 17:36:56 2026] [::1]:51269 [200]: GET /api/calendar/expiring?month=2027-01
[Fri May  1 17:36:56 2026] [::1]:51269 Closing
[Fri May  1 17:36:57 2026] [::1]:51271 Accepted
[Fri May  1 17:36:57 2026] [::1]:51271 [200]: GET /api/calendar/expiring?month=2027-02
[Fri May  1 17:36:57 2026] [::1]:51271 Closing
[Fri May  1 17:36:59 2026] [::1]:51273 Accepted
[Fri May  1 17:36:59 2026] [::1]:51273 [200]: GET /api/calendar/expiring?month=2027-01
[Fri May  1 17:36:59 2026] [::1]:51273 Closing
[Fri May  1 17:36:59 2026] [::1]:51275 Accepted
[Fri May  1 17:36:59 2026] [::1]:51275 [200]: GET /api/calendar/expiring?month=2026-12
[Fri May  1 17:36:59 2026] [::1]:51275 Closing
[Fri May  1 17:36:59 2026] [::1]:51277 Accepted
[Fri May  1 17:36:59 2026] [::1]:51277 [200]: GET /api/calendar/expiring?month=2026-11
[Fri May  1 17:36:59 2026] [::1]:51277 Closing
[Fri May  1 17:36:59 2026] [::1]:51279 Accepted
[Fri May  1 17:36:59 2026] [::1]:51279 [200]: GET /api/calendar/expiring?month=2026-10
[Fri May  1 17:36:59 2026] [::1]:51279 Closing
[Fri May  1 17:36:59 2026] [::1]:51281 Accepted
[Fri May  1 17:36:59 2026] [::1]:51281 [200]: GET /api/calendar/expiring?month=2026-09
[Fri May  1 17:36:59 2026] [::1]:51281 Closing
[Fri May  1 17:37:00 2026] [::1]:51283 Accepted
[Fri May  1 17:37:00 2026] [::1]:51283 [200]: GET /api/calendar/expiring?month=2026-08
[Fri May  1 17:37:00 2026] [::1]:51283 Closing
[Fri May  1 17:37:00 2026] [::1]:51285 Accepted
[Fri May  1 17:37:00 2026] [::1]:51285 [200]: GET /api/calendar/expiring?month=2026-07
[Fri May  1 17:37:00 2026] [::1]:51285 Closing
[Fri May  1 17:37:00 2026] [::1]:51288 Accepted
[Fri May  1 17:37:00 2026] [::1]:51288 [200]: GET /api/calendar/expiring?month=2026-06
[Fri May  1 17:37:00 2026] [::1]:51288 Closing
[Fri May  1 17:37:01 2026] [::1]:51290 Accepted
[Fri May  1 17:37:01 2026] [::1]:51290 [200]: GET /api/calendar/expiring?month=2026-05
[Fri May  1 17:37:01 2026] [::1]:51290 Closing
[Fri May  1 17:37:02 2026] [::1]:51292 Accepted
[Fri May  1 17:37:02 2026] [::1]:51292 [200]: GET /api/calendar/expiring?month=2026-04
[Fri May  1 17:37:02 2026] [::1]:51292 Closing
[Fri May  1 17:37:02 2026] [::1]:51294 Accepted
[Fri May  1 17:37:02 2026] [::1]:51294 [200]: GET /api/calendar/expiring?month=2026-03
[Fri May  1 17:37:02 2026] [::1]:51294 Closing
[Fri May  1 17:37:02 2026] [::1]:51296 Accepted
[Fri May  1 17:37:02 2026] [::1]:51296 [200]: GET /api/calendar/expiring?month=2026-02
[Fri May  1 17:37:02 2026] [::1]:51296 Closing
[Fri May  1 17:37:02 2026] [::1]:51298 Accepted
[Fri May  1 17:37:02 2026] [::1]:51298 [200]: GET /api/calendar/expiring?month=2026-01
[Fri May  1 17:37:02 2026] [::1]:51298 Closing
[Fri May  1 17:37:02 2026] [::1]:51300 Accepted
[Fri May  1 17:37:02 2026] [::1]:51300 [200]: GET /api/calendar/expiring?month=2025-12
[Fri May  1 17:37:02 2026] [::1]:51300 Closing
[Fri May  1 17:37:03 2026] [::1]:51302 Accepted
[Fri May  1 17:37:03 2026] [::1]:51302 [200]: GET /api/calendar/expiring?month=2025-11
[Fri May  1 17:37:03 2026] [::1]:51302 Closing
[Fri May  1 17:37:03 2026] [::1]:51304 Accepted
[Fri May  1 17:37:03 2026] [::1]:51304 [200]: GET /api/calendar/expiring?month=2025-10
[Fri May  1 17:37:03 2026] [::1]:51304 Closing
[Fri May  1 17:37:03 2026] [::1]:51306 Accepted
[Fri May  1 17:37:03 2026] [::1]:51306 [200]: GET /api/calendar/expiring?month=2025-09
[Fri May  1 17:37:03 2026] [::1]:51306 Closing
[Fri May  1 17:37:03 2026] [::1]:51308 Accepted
[Fri May  1 17:37:04 2026] [::1]:51308 [200]: GET /api/calendar/expiring?month=2025-08
[Fri May  1 17:37:04 2026] [::1]:51308 Closing
[Fri May  1 17:37:04 2026] [::1]:51310 Accepted
[Fri May  1 17:37:04 2026] [::1]:51310 [200]: GET /api/calendar/expiring?month=2025-07
[Fri May  1 17:37:04 2026] [::1]:51310 Closing
[Fri May  1 17:37:04 2026] [::1]:51312 Accepted
[Fri May  1 17:37:04 2026] [::1]:51312 [200]: GET /api/calendar/expiring?month=2025-06
[Fri May  1 17:37:04 2026] [::1]:51312 Closing
[Fri May  1 17:37:04 2026] [::1]:51314 Accepted
[Fri May  1 17:37:04 2026] [::1]:51314 [200]: GET /api/calendar/expiring?month=2025-05
[Fri May  1 17:37:04 2026] [::1]:51314 Closing
[Fri May  1 17:37:04 2026] [::1]:51316 Accepted
[Fri May  1 17:37:05 2026] [::1]:51316 [200]: GET /api/calendar/expiring?month=2025-04
[Fri May  1 17:37:05 2026] [::1]:51316 Closing
[Fri May  1 17:37:05 2026] [::1]:51319 Accepted
[Fri May  1 17:37:05 2026] [::1]:51319 [200]: GET /api/calendar/expiring?month=2025-03
[Fri May  1 17:37:05 2026] [::1]:51319 Closing
[Fri May  1 17:37:05 2026] [::1]:51321 Accepted
[Fri May  1 17:37:05 2026] [::1]:51321 [200]: GET /api/calendar/expiring?month=2025-02
[Fri May  1 17:37:05 2026] [::1]:51321 Closing
[Fri May  1 17:37:05 2026] [::1]:51323 Accepted
[Fri May  1 17:37:05 2026] [::1]:51323 [200]: GET /api/calendar/expiring?month=2025-01
[Fri May  1 17:37:05 2026] [::1]:51323 Closing
[Fri May  1 17:37:06 2026] [::1]:51325 Accepted
[Fri May  1 17:37:06 2026] [::1]:51325 [200]: GET /api/calendar/expiring?month=2025-02
[Fri May  1 17:37:06 2026] [::1]:51325 Closing
[Fri May  1 17:37:06 2026] [::1]:51327 Accepted
[Fri May  1 17:37:06 2026] [::1]:51327 [200]: GET /api/calendar/expiring?month=2025-03
[Fri May  1 17:37:06 2026] [::1]:51327 Closing
[Fri May  1 17:37:07 2026] [::1]:51329 Accepted
[Fri May  1 17:37:07 2026] [::1]:51329 [200]: GET /api/calendar/expiring?month=2025-04
[Fri May  1 17:37:07 2026] [::1]:51329 Closing
[Fri May  1 17:37:07 2026] [::1]:51331 Accepted
[Fri May  1 17:37:07 2026] [::1]:51331 [200]: GET /api/calendar/expiring?month=2025-05
[Fri May  1 17:37:07 2026] [::1]:51331 Closing
[Fri May  1 17:37:07 2026] [::1]:51333 Accepted
[Fri May  1 17:37:07 2026] [::1]:51333 [200]: GET /api/calendar/expiring?month=2025-06
[Fri May  1 17:37:07 2026] [::1]:51333 Closing
[Fri May  1 17:37:07 2026] [::1]:51335 Accepted
[Fri May  1 17:37:07 2026] [::1]:51335 [200]: GET /api/calendar/expiring?month=2025-07
[Fri May  1 17:37:07 2026] [::1]:51335 Closing
[Fri May  1 17:37:07 2026] [::1]:51337 Accepted
[Fri May  1 17:37:07 2026] [::1]:51337 [200]: GET /api/calendar/expiring?month=2025-08
[Fri May  1 17:37:08 2026] [::1]:51337 Closing
[Fri May  1 17:37:08 2026] [::1]:51339 Accepted
[Fri May  1 17:37:08 2026] [::1]:51339 [200]: GET /api/calendar/expiring?month=2025-09
[Fri May  1 17:37:08 2026] [::1]:51339 Closing
[Fri May  1 17:37:09 2026] [::1]:51341 Accepted
[Fri May  1 17:37:09 2026] [::1]:51341 [200]: GET /api/calendar/expiring?month=2025-10
[Fri May  1 17:37:09 2026] [::1]:51341 Closing
[Fri May  1 17:37:09 2026] [::1]:51343 Accepted
[Fri May  1 17:37:09 2026] [::1]:51343 [200]: GET /api/calendar/expiring?month=2025-11
[Fri May  1 17:37:09 2026] [::1]:51343 Closing
[Fri May  1 17:37:09 2026] [::1]:51345 Accepted
[Fri May  1 17:37:09 2026] [::1]:51345 [200]: GET /api/calendar/expiring?month=2025-12
[Fri May  1 17:37:09 2026] [::1]:51345 Closing
[Fri May  1 17:37:09 2026] [::1]:51347 Accepted
[Fri May  1 17:37:09 2026] [::1]:51347 [200]: GET /api/calendar/expiring?month=2026-01
[Fri May  1 17:37:09 2026] [::1]:51347 Closing
[Fri May  1 17:37:10 2026] [::1]:51350 Accepted
[Fri May  1 17:37:10 2026] [::1]:51350 [200]: GET /api/calendar/expiring?month=2026-02
[Fri May  1 17:37:10 2026] [::1]:51350 Closing
[Fri May  1 17:37:10 2026] [::1]:51352 Accepted
[Fri May  1 17:37:10 2026] [::1]:51352 [200]: GET /api/calendar/expiring?month=2026-03
[Fri May  1 17:37:10 2026] [::1]:51352 Closing
[Fri May  1 17:37:10 2026] [::1]:51354 Accepted
[Fri May  1 17:37:10 2026] [::1]:51354 [200]: GET /api/calendar/expiring?month=2026-04
[Fri May  1 17:37:10 2026] [::1]:51354 Closing
[Fri May  1 17:37:10 2026] [::1]:51356 Accepted
[Fri May  1 17:37:10 2026] [::1]:51356 [200]: GET /api/calendar/expiring?month=2026-05
[Fri May  1 17:37:10 2026] [::1]:51356 Closing
[Fri May  1 17:37:11 2026] [::1]:51358 Accepted
[Fri May  1 17:37:11 2026] [::1]:51358 [200]: GET /api/calendar/expiring?month=2026-06
[Fri May  1 17:37:11 2026] [::1]:51358 Closing
[Fri May  1 17:37:11 2026] [::1]:51360 Accepted
[Fri May  1 17:37:11 2026] [::1]:51360 [200]: GET /api/calendar/expiring?month=2026-07
[Fri May  1 17:37:11 2026] [::1]:51360 Closing
[Fri May  1 17:37:12 2026] [::1]:51362 Accepted
[Fri May  1 17:37:12 2026] [::1]:51362 [200]: GET /api/calendar/expiring?month=2026-06
[Fri May  1 17:37:12 2026] [::1]:51362 Closing
[Fri May  1 17:37:12 2026] [::1]:51364 Accepted
[Fri May  1 17:37:12 2026] [::1]:51364 [200]: GET /api/calendar/expiring?month=2026-05
[Fri May  1 17:37:12 2026] [::1]:51364 Closing
[Fri May  1 17:38:51 2026] [::1]:51371 Accepted
[Fri May  1 17:38:51 2026] [::1]:51371 [200]: GET /api/notifications
[Fri May  1 17:38:51 2026] [::1]:51371 Closing
[Fri May  1 17:40:51 2026] [::1]:51379 Accepted
[Fri May  1 17:40:51 2026] [::1]:51379 [200]: GET /api/notifications
[Fri May  1 17:40:51 2026] [::1]:51379 Closing
[Fri May  1 17:42:39 2026] [::1]:51387 Accepted
[Fri May  1 17:42:40 2026] [::1]:51387 [200]: GET /dashboard
[Fri May  1 17:42:40 2026] [::1]:51387 Closing
[Fri May  1 17:42:40 2026] [::1]:51388 Accepted
[Fri May  1 17:42:40 2026] [::1]:51388 [200]: GET /assets/css/premium.css
[Fri May  1 17:42:40 2026] [::1]:51391 Accepted
[Fri May  1 17:42:40 2026] [::1]:51392 Accepted
[Fri May  1 17:42:40 2026] [::1]:51391 [200]: GET /assets/css/notifications.css
[Fri May  1 17:42:40 2026] [::1]:51392 [200]: GET /assets/css/topbar-fix.css
[Fri May  1 17:42:40 2026] [::1]:51388 Closing
[Fri May  1 17:42:40 2026] [::1]:51393 Accepted
[Fri May  1 17:42:40 2026] [::1]:51394 Accepted
[Fri May  1 17:42:40 2026] [::1]:51391 Closing
[Fri May  1 17:42:40 2026] [::1]:51392 Closing
[Fri May  1 17:42:40 2026] [::1]:51393 [200]: GET /assets/css/calendar.css
[Fri May  1 17:42:40 2026] [::1]:51394 [200]: GET /assets/css/modern-dashboard.css
[Fri May  1 17:42:40 2026] [::1]:51393 Closing
[Fri May  1 17:42:40 2026] [::1]:51394 Closing
[Fri May  1 17:42:40 2026] [::1]:51395 Accepted
[Fri May  1 17:42:40 2026] [::1]:51395 [200]: GET /api/notifications
[Fri May  1 17:42:40 2026] [::1]:51395 Closing
[Fri May  1 17:43:30 2026] [::1]:51398 Accepted
[Fri May  1 17:43:30 2026] [::1]:51399 Accepted
[Fri May  1 17:43:30 2026] [::1]:51398 [200]: GET /dashboard
[Fri May  1 17:43:30 2026] [::1]:51398 Closing
[Fri May  1 17:43:30 2026] [::1]:51399 [200]: GET /assets/css/premium.css
[Fri May  1 17:43:30 2026] [::1]:51399 Closing
[Fri May  1 17:43:30 2026] [::1]:51401 Accepted
[Fri May  1 17:43:30 2026] [::1]:51402 Accepted
[Fri May  1 17:43:30 2026] [::1]:51402 [200]: GET /assets/css/topbar-fix.css
[Fri May  1 17:43:30 2026] [::1]:51401 [200]: GET /assets/css/notifications.css
[Fri May  1 17:43:30 2026] [::1]:51402 Closing
[Fri May  1 17:43:30 2026] [::1]:51401 Closing
[Fri May  1 17:43:30 2026] [::1]:51403 Accepted
[Fri May  1 17:43:30 2026] [::1]:51404 Accepted
[Fri May  1 17:43:30 2026] [::1]:51403 [200]: GET /assets/css/calendar.css
[Fri May  1 17:43:30 2026] [::1]:51404 [200]: GET /assets/css/modern-dashboard.css
[Fri May  1 17:43:30 2026] [::1]:51403 Closing
[Fri May  1 17:43:30 2026] [::1]:51404 Closing
[Fri May  1 17:43:30 2026] [::1]:51405 Accepted
[Fri May  1 17:43:30 2026] [::1]:51405 [200]: GET /api/notifications
[Fri May  1 17:43:30 2026] [::1]:51405 Closing
[Fri May  1 17:45:30 2026] [::1]:51417 Accepted
[Fri May  1 17:45:30 2026] [::1]:51417 [200]: GET /api/notifications
[Fri May  1 17:45:30 2026] [::1]:51417 Closing
[Fri May  1 17:45:55 2026] [::1]:51419 Accepted
[Fri May  1 17:45:55 2026] [::1]:51420 Accepted
[Fri May  1 17:45:55 2026] [::1]:51419 [200]: GET /dashboard
[Fri May  1 17:45:55 2026] [::1]:51419 Closing
[Fri May  1 17:45:55 2026] [::1]:51420 [200]: GET /assets/css/premium.css
[Fri May  1 17:45:55 2026] [::1]:51420 Closing
[Fri May  1 17:45:55 2026] [::1]:51423 Accepted
[Fri May  1 17:45:55 2026] [::1]:51424 Accepted
[Fri May  1 17:45:55 2026] [::1]:51425 Accepted
[Fri May  1 17:45:55 2026] [::1]:51426 Accepted
[Fri May  1 17:45:55 2026] [::1]:51423 [200]: GET /assets/css/topbar-fix.css
[Fri May  1 17:45:55 2026] [::1]:51424 [200]: GET /assets/css/notifications.css
[Fri May  1 17:45:55 2026] [::1]:51425 [200]: GET /assets/css/calendar.css
[Fri May  1 17:45:55 2026] [::1]:51426 [200]: GET /assets/css/modern-dashboard.css
[Fri May  1 17:45:55 2026] [::1]:51423 Closing
[Fri May  1 17:45:55 2026] [::1]:51424 Closing
[Fri May  1 17:45:55 2026] [::1]:51425 Closing
[Fri May  1 17:45:55 2026] [::1]:51426 Closing
[Fri May  1 17:45:56 2026] [::1]:51427 Accepted
[Fri May  1 17:45:56 2026] [::1]:51427 [200]: GET /api/notifications
[Fri May  1 17:45:56 2026] [::1]:51427 Closing
[Fri May  1 17:47:55 2026] [::1]:51437 Accepted
[Fri May  1 17:47:55 2026] [::1]:51437 [200]: GET /api/notifications
[Fri May  1 17:47:55 2026] [::1]:51437 Closing
[Fri May  1 17:48:42 2026] [::1]:51445 Accepted
[Fri May  1 17:48:42 2026] [::1]:51446 Accepted
[Fri May  1 17:48:42 2026] [::1]:51445 [200]: GET /dashboard
[Fri May  1 17:48:42 2026] [::1]:51445 Closing
[Fri May  1 17:48:42 2026] [::1]:51446 [200]: GET /assets/css/premium.css
[Fri May  1 17:48:42 2026] [::1]:51449 Accepted
[Fri May  1 17:48:42 2026] [::1]:51446 Closing
[Fri May  1 17:48:42 2026] [::1]:51450 Accepted
[Fri May  1 17:48:42 2026] [::1]:51449 [200]: GET /assets/css/topbar-fix.css
[Fri May  1 17:48:42 2026] [::1]:51450 [200]: GET /assets/css/notifications.css
[Fri May  1 17:48:42 2026] [::1]:51451 Accepted
[Fri May  1 17:48:42 2026] [::1]:51449 Closing
[Fri May  1 17:48:42 2026] [::1]:51452 Accepted
[Fri May  1 17:48:42 2026] [::1]:51450 Closing
[Fri May  1 17:48:42 2026] [::1]:51451 [200]: GET /assets/css/calendar.css
[Fri May  1 17:48:42 2026] [::1]:51452 [200]: GET /assets/css/modern-dashboard.css
[Fri May  1 17:48:42 2026] [::1]:51451 Closing
[Fri May  1 17:48:42 2026] [::1]:51452 Closing
[Fri May  1 17:48:42 2026] [::1]:51453 Accepted
[Fri May  1 17:48:42 2026] [::1]:51453 [200]: GET /api/notifications
[Fri May  1 17:48:42 2026] [::1]:51453 Closing
[Fri May  1 17:48:49 2026] [::1]:51456 Accepted
[Fri May  1 17:48:49 2026] [::1]:51457 Accepted
[Fri May  1 17:48:49 2026] [::1]:51456 [200]: GET /stocks
[Fri May  1 17:48:49 2026] [::1]:51456 Closing
[Fri May  1 17:48:49 2026] [::1]:51457 [200]: GET /assets/css/premium.css
[Fri May  1 17:48:49 2026] [::1]:51457 Closing
[Fri May  1 17:48:49 2026] [::1]:51459 Accepted
[Fri May  1 17:48:49 2026] [::1]:51460 Accepted
[Fri May  1 17:48:49 2026] [::1]:51459 [200]: GET /assets/css/topbar-fix.css
[Fri May  1 17:48:49 2026] [::1]:51459 Closing
[Fri May  1 17:48:49 2026] [::1]:51461 Accepted
[Fri May  1 17:48:49 2026] [::1]:51460 [200]: GET /assets/css/notifications.css
[Fri May  1 17:48:49 2026] [::1]:51461 [200]: GET /assets/css/calendar.css
[Fri May  1 17:48:49 2026] [::1]:51460 Closing
[Fri May  1 17:48:49 2026] [::1]:51461 Closing
[Fri May  1 17:48:49 2026] [::1]:51462 Accepted
[Fri May  1 17:48:49 2026] [::1]:51462 [200]: GET /api/notifications
[Fri May  1 17:48:49 2026] [::1]:51462 Closing
[Fri May  1 17:48:54 2026] [::1]:51465 Accepted
[Fri May  1 17:48:54 2026] [::1]:51466 Accepted
[Fri May  1 17:48:55 2026] [::1]:51465 [200]: GET /medicines
[Fri May  1 17:48:55 2026] [::1]:51465 Closing
[Fri May  1 17:48:55 2026] [::1]:51466 [200]: GET /assets/css/premium.css
[Fri May  1 17:48:55 2026] [::1]:51466 Closing
[Fri May  1 17:48:55 2026] [::1]:51468 Accepted
[Fri May  1 17:48:55 2026] [::1]:51468 [200]: GET /assets/css/topbar-fix.css
[Fri May  1 17:48:55 2026] [::1]:51468 Closing
[Fri May  1 17:48:55 2026] [::1]:51469 Accepted
[Fri May  1 17:48:55 2026] [::1]:51469 [200]: GET /assets/css/notifications.css
[Fri May  1 17:48:55 2026] [::1]:51469 Closing
[Fri May  1 17:48:55 2026] [::1]:51470 Accepted
[Fri May  1 17:48:55 2026] [::1]:51470 [200]: GET /assets/css/calendar.css
[Fri May  1 17:48:55 2026] [::1]:51470 Closing
[Fri May  1 17:48:55 2026] [::1]:51471 Accepted
[Fri May  1 17:48:55 2026] [::1]:51471 [200]: GET /api/notifications
[Fri May  1 17:48:55 2026] [::1]:51471 Closing
[Fri May  1 17:48:56 2026] [::1]:51473 Accepted
[Fri May  1 17:48:57 2026] [::1]:51473 [200]: GET /dashboard
[Fri May  1 17:48:57 2026] [::1]:51473 Closing
[Fri May  1 17:48:57 2026] [::1]:51474 Accepted
[Fri May  1 17:48:57 2026] [::1]:51474 [200]: GET /assets/css/premium.css
[Fri May  1 17:48:57 2026] [::1]:51474 Closing
[Fri May  1 17:48:57 2026] [::1]:51476 Accepted
[Fri May  1 17:48:57 2026] [::1]:51477 Accepted
[Fri May  1 17:48:57 2026] [::1]:51478 Accepted
[Fri May  1 17:48:57 2026] [::1]:51479 Accepted
[Fri May  1 17:48:57 2026] [::1]:51476 [200]: GET /assets/css/topbar-fix.css
[Fri May  1 17:48:57 2026] [::1]:51477 [200]: GET /assets/css/notifications.css
[Fri May  1 17:48:57 2026] [::1]:51478 [200]: GET /assets/css/calendar.css
[Fri May  1 17:48:57 2026] [::1]:51479 [200]: GET /assets/css/modern-dashboard.css
[Fri May  1 17:48:57 2026] [::1]:51476 Closing
[Fri May  1 17:48:57 2026] [::1]:51477 Closing
[Fri May  1 17:48:57 2026] [::1]:51478 Closing
[Fri May  1 17:48:57 2026] [::1]:51479 Closing
[Fri May  1 17:48:57 2026] [::1]:51480 Accepted
[Fri May  1 17:48:57 2026] [::1]:51480 [200]: GET /api/notifications
[Fri May  1 17:48:57 2026] [::1]:51480 Closing
[Fri May  1 17:50:29 2026] [::1]:51482 Accepted
[Fri May  1 17:50:30 2026] [::1]:51482 [200]: GET /dashboard
[Fri May  1 17:50:30 2026] [::1]:51482 Closing
[Fri May  1 17:50:30 2026] [::1]:51483 Accepted
[Fri May  1 17:50:30 2026] [::1]:51483 [200]: GET /assets/css/premium.css
[Fri May  1 17:50:30 2026] [::1]:51483 Closing
[Fri May  1 17:50:30 2026] [::1]:51486 Accepted
[Fri May  1 17:50:30 2026] [::1]:51487 Accepted
[Fri May  1 17:50:30 2026] [::1]:51488 Accepted
[Fri May  1 17:50:30 2026] [::1]:51486 [200]: GET /assets/css/topbar-fix.css
[Fri May  1 17:50:30 2026] [::1]:51487 [200]: GET /assets/css/notifications.css
[Fri May  1 17:50:30 2026] [::1]:51488 [200]: GET /assets/css/calendar.css
[Fri May  1 17:50:30 2026] [::1]:51486 Closing
[Fri May  1 17:50:30 2026] [::1]:51487 Closing
[Fri May  1 17:50:30 2026] [::1]:51488 Closing
[Fri May  1 17:50:30 2026] [::1]:51489 Accepted
[Fri May  1 17:50:30 2026] [::1]:51489 [200]: GET /assets/css/modern-dashboard.css
[Fri May  1 17:50:30 2026] [::1]:51489 Closing
[Fri May  1 17:50:30 2026] [::1]:51490 Accepted
[Fri May  1 17:50:30 2026] [::1]:51490 [200]: GET /api/notifications
[Fri May  1 17:50:30 2026] [::1]:51490 Closing
[Fri May  1 17:52:30 2026] [::1]:51507 Accepted
[Fri May  1 17:52:30 2026] [::1]:51507 [200]: GET /api/notifications
[Fri May  1 17:52:30 2026] [::1]:51507 Closing
[Fri May  1 17:53:58 2026] [::1]:51510 Accepted
[Fri May  1 17:53:58 2026] [::1]:51510 [200]: GET /dashboard
[Fri May  1 17:53:58 2026] [::1]:51510 Closing
[Fri May  1 17:53:58 2026] [::1]:51511 Accepted
[Fri May  1 17:53:58 2026] [::1]:51511 [200]: GET /assets/css/premium.css
[Fri May  1 17:53:58 2026] [::1]:51511 Closing
[Fri May  1 17:53:58 2026] [::1]:51514 Accepted
[Fri May  1 17:53:58 2026] [::1]:51515 Accepted
[Fri May  1 17:53:58 2026] [::1]:51514 [200]: GET /assets/css/topbar-fix.css
[Fri May  1 17:53:58 2026] [::1]:51515 [200]: GET /assets/css/notifications.css
[Fri May  1 17:53:58 2026] [::1]:51514 Closing
[Fri May  1 17:53:58 2026] [::1]:51515 Closing
[Fri May  1 17:53:58 2026] [::1]:51516 Accepted
[Fri May  1 17:53:58 2026] [::1]:51517 Accepted
[Fri May  1 17:53:58 2026] [::1]:51516 [200]: GET /assets/css/calendar.css
[Fri May  1 17:53:58 2026] [::1]:51517 [200]: GET /assets/css/modern-dashboard.css
[Fri May  1 17:53:58 2026] [::1]:51516 Closing
[Fri May  1 17:53:58 2026] [::1]:51517 Closing
[Fri May  1 17:53:58 2026] [::1]:51518 Accepted
[Fri May  1 17:53:58 2026] [::1]:51518 [200]: GET /api/notifications
[Fri May  1 17:53:58 2026] [::1]:51518 Closing
[Fri May  1 17:55:57 2026] [::1]:51521 Accepted
[Fri May  1 17:55:57 2026] [::1]:51522 Accepted
[Fri May  1 17:55:58 2026] [::1]:51521 [200]: GET /dashboard
[Fri May  1 17:55:58 2026] [::1]:51521 Closing
[Fri May  1 17:55:58 2026] [::1]:51522 [200]: GET /assets/css/premium.css
[Fri May  1 17:55:58 2026] [::1]:51522 Closing
[Fri May  1 17:55:58 2026] [::1]:51525 Accepted
[Fri May  1 17:55:58 2026] [::1]:51526 Accepted
[Fri May  1 17:55:58 2026] [::1]:51527 Accepted
[Fri May  1 17:55:58 2026] [::1]:51528 Accepted
[Fri May  1 17:55:58 2026] [::1]:51525 [200]: GET /assets/css/topbar-fix.css
[Fri May  1 17:55:58 2026] [::1]:51526 [200]: GET /assets/css/notifications.css
[Fri May  1 17:55:58 2026] [::1]:51527 [200]: GET /assets/css/calendar.css
[Fri May  1 17:55:58 2026] [::1]:51528 [200]: GET /assets/css/modern-dashboard.css
[Fri May  1 17:55:58 2026] [::1]:51525 Closing
[Fri May  1 17:55:58 2026] [::1]:51526 Closing
[Fri May  1 17:55:58 2026] [::1]:51527 Closing
[Fri May  1 17:55:58 2026] [::1]:51528 Closing
[Fri May  1 17:55:58 2026] [::1]:51529 Accepted
[Fri May  1 17:55:58 2026] [::1]:51529 [200]: GET /api/notifications
[Fri May  1 17:55:58 2026] [::1]:51529 Closing
[Fri May  1 17:57:58 2026] [::1]:51549 Accepted
[Fri May  1 17:57:58 2026] [::1]:51549 [200]: GET /api/notifications
[Fri May  1 17:57:58 2026] [::1]:51549 Closing
[Fri May  1 17:59:58 2026] [::1]:51555 Accepted
[Fri May  1 17:59:58 2026] [::1]:51555 [200]: GET /api/notifications
[Fri May  1 17:59:58 2026] [::1]:51555 Closing
[Fri May  1 18:00:35 2026] [::1]:51561 Accepted
[Fri May  1 18:00:35 2026] [::1]:51562 Accepted
[Fri May  1 18:00:35 2026] [::1]:51562 [200]: GET /dashboard
[Fri May  1 18:00:35 2026] [::1]:51562 Closing
[Fri May  1 18:00:35 2026] [::1]:51561 [200]: GET /assets/css/premium.css
[Fri May  1 18:00:35 2026] [::1]:51561 Closing
[Fri May  1 18:00:35 2026] [::1]:51565 Accepted
[Fri May  1 18:00:35 2026] [::1]:51566 Accepted
[Fri May  1 18:00:35 2026] [::1]:51567 Accepted
[Fri May  1 18:00:35 2026] [::1]:51568 Accepted
[Fri May  1 18:00:35 2026] [::1]:51565 [200]: GET /assets/css/topbar-fix.css
[Fri May  1 18:00:35 2026] [::1]:51566 [200]: GET /assets/css/notifications.css
[Fri May  1 18:00:35 2026] [::1]:51567 [200]: GET /assets/css/calendar.css
[Fri May  1 18:00:35 2026] [::1]:51568 [200]: GET /assets/css/modern-dashboard.css
[Fri May  1 18:00:35 2026] [::1]:51565 Closing
[Fri May  1 18:00:35 2026] [::1]:51566 Closing
[Fri May  1 18:00:35 2026] [::1]:51567 Closing
[Fri May  1 18:00:35 2026] [::1]:51568 Closing
[Fri May  1 18:00:36 2026] [::1]:51569 Accepted
[Fri May  1 18:00:36 2026] [::1]:51569 [200]: GET /api/notifications
[Fri May  1 18:00:36 2026] [::1]:51569 Closing
[Fri May  1 18:00:50 2026] [::1]:51572 Accepted
[Fri May  1 18:00:50 2026] [::1]:51572 [200]: GET /dashboard
[Fri May  1 18:00:50 2026] [::1]:51572 Closing
[Fri May  1 18:00:50 2026] [::1]:51573 Accepted
[Fri May  1 18:00:50 2026] [::1]:51573 [200]: GET /assets/css/premium.css
[Fri May  1 18:00:50 2026] [::1]:51573 Closing
[Fri May  1 18:00:50 2026] [::1]:51575 Accepted
[Fri May  1 18:00:50 2026] [::1]:51576 Accepted
[Fri May  1 18:00:50 2026] [::1]:51577 Accepted
[Fri May  1 18:00:50 2026] [::1]:51578 Accepted
[Fri May  1 18:00:50 2026] [::1]:51575 [200]: GET /assets/css/topbar-fix.css
[Fri May  1 18:00:50 2026] [::1]:51576 [200]: GET /assets/css/notifications.css
[Fri May  1 18:00:50 2026] [::1]:51577 [200]: GET /assets/css/calendar.css
[Fri May  1 18:00:50 2026] [::1]:51578 [200]: GET /assets/css/modern-dashboard.css
[Fri May  1 18:00:50 2026] [::1]:51575 Closing
[Fri May  1 18:00:50 2026] [::1]:51576 Closing
[Fri May  1 18:00:50 2026] [::1]:51577 Closing
[Fri May  1 18:00:50 2026] [::1]:51578 Closing
[Fri May  1 18:00:50 2026] [::1]:51579 Accepted
[Fri May  1 18:00:50 2026] [::1]:51579 [200]: GET /api/notifications
[Fri May  1 18:00:50 2026] [::1]:51579 Closing
[Fri May  1 18:02:50 2026] [::1]:51591 Accepted
[Fri May  1 18:02:50 2026] [::1]:51591 [200]: GET /api/notifications
[Fri May  1 18:02:50 2026] [::1]:51591 Closing
[Fri May  1 18:04:50 2026] [::1]:51606 Accepted
[Fri May  1 18:04:50 2026] [::1]:51606 [200]: GET /api/notifications
[Fri May  1 18:04:50 2026] [::1]:51606 Closing
[Fri May  1 18:05:33 2026] [::1]:51608 Accepted
[Fri May  1 18:05:33 2026] [::1]:51608 [200]: GET /dashboard
[Fri May  1 18:05:33 2026] [::1]:51608 Closing
[Fri May  1 18:05:33 2026] [::1]:51609 Accepted
[Fri May  1 18:05:33 2026] [::1]:51609 [200]: GET /assets/css/premium.css
[Fri May  1 18:05:33 2026] [::1]:51609 Closing
[Fri May  1 18:05:33 2026] [::1]:51612 Accepted
[Fri May  1 18:05:33 2026] [::1]:51613 Accepted
[Fri May  1 18:05:33 2026] [::1]:51614 Accepted
[Fri May  1 18:05:33 2026] [::1]:51615 Accepted
[Fri May  1 18:05:33 2026] [::1]:51612 [200]: GET /assets/css/topbar-fix.css
[Fri May  1 18:05:33 2026] [::1]:51613 [200]: GET /assets/css/notifications.css
[Fri May  1 18:05:33 2026] [::1]:51615 [200]: GET /assets/css/calendar.css
[Fri May  1 18:05:33 2026] [::1]:51614 [200]: GET /assets/css/modern-dashboard.css
[Fri May  1 18:05:33 2026] [::1]:51612 Closing
[Fri May  1 18:05:33 2026] [::1]:51613 Closing
[Fri May  1 18:05:33 2026] [::1]:51615 Closing
[Fri May  1 18:05:33 2026] [::1]:51614 Closing
[Fri May  1 18:05:34 2026] [::1]:51616 Accepted
[Fri May  1 18:05:34 2026] [::1]:51616 [200]: GET /api/notifications
[Fri May  1 18:05:34 2026] [::1]:51616 Closing
[Fri May  1 18:06:02 2026] [::1]:51619 Accepted
[Fri May  1 18:06:02 2026] [::1]:51620 Accepted
[Fri May  1 18:06:02 2026] [::1]:51619 [200]: GET /dashboard
[Fri May  1 18:06:02 2026] [::1]:51619 Closing
[Fri May  1 18:06:02 2026] [::1]:51620 [200]: GET /assets/css/premium.css
[Fri May  1 18:06:02 2026] [::1]:51620 Closing
[Fri May  1 18:06:02 2026] [::1]:51622 Accepted
[Fri May  1 18:06:02 2026] [::1]:51622 [200]: GET /assets/css/topbar-fix.css
[Fri May  1 18:06:02 2026] [::1]:51623 Accepted
[Fri May  1 18:06:02 2026] [::1]:51622 Closing
[Fri May  1 18:06:02 2026] [::1]:51623 [200]: GET /assets/css/notifications.css
[Fri May  1 18:06:02 2026] [::1]:51623 Closing
[Fri May  1 18:06:02 2026] [::1]:51624 Accepted
[Fri May  1 18:06:02 2026] [::1]:51625 Accepted
[Fri May  1 18:06:02 2026] [::1]:51624 [200]: GET /assets/css/calendar.css
[Fri May  1 18:06:02 2026] [::1]:51625 [200]: GET /assets/css/modern-dashboard.css
[Fri May  1 18:06:02 2026] [::1]:51624 Closing
[Fri May  1 18:06:02 2026] [::1]:51625 Closing
[Fri May  1 18:06:02 2026] [::1]:51626 Accepted
[Fri May  1 18:06:02 2026] [::1]:51626 [200]: GET /api/notifications
[Fri May  1 18:06:02 2026] [::1]:51626 Closing
[Fri May  1 18:06:05 2026] [::1]:51628 Accepted
[Fri May  1 18:06:05 2026] [::1]:51628 [200]: GET /api/notifications
[Fri May  1 18:06:05 2026] [::1]:51628 Closing
[Fri May  1 18:07:15 2026] [::1]:51632 Accepted
[Fri May  1 18:07:15 2026] [::1]:51633 Accepted
[Fri May  1 18:07:15 2026] [::1]:51632 [200]: GET /dashboard
[Fri May  1 18:07:15 2026] [::1]:51632 Closing
[Fri May  1 18:07:15 2026] [::1]:51633 [200]: GET /assets/css/premium.css
[Fri May  1 18:07:15 2026] [::1]:51633 Closing
[Fri May  1 18:07:15 2026] [::1]:51636 Accepted
[Fri May  1 18:07:15 2026] [::1]:51637 Accepted
[Fri May  1 18:07:15 2026] [::1]:51638 Accepted
[Fri May  1 18:07:15 2026] [::1]:51639 Accepted
[Fri May  1 18:07:15 2026] [::1]:51636 [200]: GET /assets/css/topbar-fix.css
[Fri May  1 18:07:15 2026] [::1]:51637 [200]: GET /assets/css/notifications.css
[Fri May  1 18:07:15 2026] [::1]:51638 [200]: GET /assets/css/calendar.css
[Fri May  1 18:07:15 2026] [::1]:51639 [200]: GET /assets/css/modern-dashboard.css
[Fri May  1 18:07:15 2026] [::1]:51636 Closing
[Fri May  1 18:07:15 2026] [::1]:51637 Closing
[Fri May  1 18:07:15 2026] [::1]:51638 Closing
[Fri May  1 18:07:15 2026] [::1]:51639 Closing
[Fri May  1 18:07:16 2026] [::1]:51640 Accepted
[Fri May  1 18:07:16 2026] [::1]:51640 [200]: GET /api/notifications
[Fri May  1 18:07:16 2026] [::1]:51640 Closing
[Fri May  1 18:09:16 2026] [::1]:51649 Accepted
[Fri May  1 18:09:16 2026] [::1]:51649 [200]: GET /api/notifications
[Fri May  1 18:09:16 2026] [::1]:51649 Closing
[Fri May  1 18:09:29 2026] [::1]:51651 Accepted
[Fri May  1 18:09:29 2026] [::1]:51651 [200]: GET /dashboard
[Fri May  1 18:09:29 2026] [::1]:51651 Closing
[Fri May  1 18:09:29 2026] [::1]:51652 Accepted
[Fri May  1 18:09:29 2026] [::1]:51652 [200]: GET /assets/css/premium.css
[Fri May  1 18:09:29 2026] [::1]:51655 Accepted
[Fri May  1 18:09:29 2026] [::1]:51652 Closing
[Fri May  1 18:09:29 2026] [::1]:51656 Accepted
[Fri May  1 18:09:29 2026] [::1]:51657 Accepted
[Fri May  1 18:09:29 2026] [::1]:51658 Accepted
[Fri May  1 18:09:29 2026] [::1]:51655 [200]: GET /assets/css/topbar-fix.css
[Fri May  1 18:09:29 2026] [::1]:51656 [200]: GET /assets/css/notifications.css
[Fri May  1 18:09:29 2026] [::1]:51657 [200]: GET /assets/css/calendar.css
[Fri May  1 18:09:29 2026] [::1]:51658 [200]: GET /assets/css/modern-dashboard.css
[Fri May  1 18:09:29 2026] [::1]:51655 Closing
[Fri May  1 18:09:29 2026] [::1]:51656 Closing
[Fri May  1 18:09:29 2026] [::1]:51657 Closing
[Fri May  1 18:09:29 2026] [::1]:51658 Closing
[Fri May  1 18:09:30 2026] [::1]:51659 Accepted
[Fri May  1 18:09:30 2026] [::1]:51659 [200]: GET /api/notifications
[Fri May  1 18:09:30 2026] [::1]:51659 Closing
[Fri May  1 18:11:30 2026] [::1]:51665 Accepted
[Fri May  1 18:11:30 2026] [::1]:51665 [200]: GET /api/notifications
[Fri May  1 18:11:30 2026] [::1]:51665 Closing
[Fri May  1 18:12:24 2026] [::1]:51669 Accepted
[Fri May  1 18:12:24 2026] [::1]:51669 [200]: GET /dashboard
[Fri May  1 18:12:24 2026] [::1]:51669 Closing
[Fri May  1 18:12:24 2026] [::1]:51670 Accepted
[Fri May  1 18:12:25 2026] [::1]:51670 [200]: GET /assets/css/premium.css
[Fri May  1 18:12:25 2026] [::1]:51670 Closing
[Fri May  1 18:12:25 2026] [::1]:51673 Accepted
[Fri May  1 18:12:25 2026] [::1]:51673 [200]: GET /assets/css/sticky-fix.css
[Fri May  1 18:12:25 2026] [::1]:51673 Closing
[Fri May  1 18:12:25 2026] [::1]:51674 Accepted
[Fri May  1 18:12:25 2026] [::1]:51675 Accepted
[Fri May  1 18:12:25 2026] [::1]:51676 Accepted
[Fri May  1 18:12:25 2026] [::1]:51677 Accepted
[Fri May  1 18:12:25 2026] [::1]:51674 [200]: GET /assets/css/topbar-fix.css
[Fri May  1 18:12:25 2026] [::1]:51674 Closing
[Fri May  1 18:12:25 2026] [::1]:51675 [200]: GET /assets/css/notifications.css
[Fri May  1 18:12:25 2026] [::1]:51675 Closing
[Fri May  1 18:12:25 2026] [::1]:51676 [200]: GET /assets/css/calendar.css
[Fri May  1 18:12:25 2026] [::1]:51677 [200]: GET /assets/css/modern-dashboard.css
[Fri May  1 18:12:25 2026] [::1]:51676 Closing
[Fri May  1 18:12:25 2026] [::1]:51677 Closing
[Fri May  1 18:12:25 2026] [::1]:51678 Accepted
[Fri May  1 18:12:25 2026] [::1]:51678 [200]: GET /api/notifications
[Fri May  1 18:12:25 2026] [::1]:51678 Closing
[Fri May  1 18:13:43 2026] [::1]:51687 Accepted
[Fri May  1 18:13:43 2026] [::1]:51687 [200]: GET /dashboard
[Fri May  1 18:13:43 2026] [::1]:51687 Closing
[Fri May  1 18:13:43 2026] [::1]:51688 Accepted
[Fri May  1 18:13:43 2026] [::1]:51688 [200]: GET /assets/css/premium.css
[Fri May  1 18:13:43 2026] [::1]:51688 Closing
[Fri May  1 18:13:43 2026] [::1]:51691 Accepted
[Fri May  1 18:13:43 2026] [::1]:51692 Accepted
[Fri May  1 18:13:43 2026] [::1]:51693 Accepted
[Fri May  1 18:13:43 2026] [::1]:51694 Accepted
[Fri May  1 18:13:43 2026] [::1]:51695 Accepted
[Fri May  1 18:13:43 2026] [::1]:51691 [200]: GET /assets/css/sticky-fix.css
[Fri May  1 18:13:43 2026] [::1]:51692 [200]: GET /assets/css/topbar-fix.css
[Fri May  1 18:13:43 2026] [::1]:51693 [200]: GET /assets/css/notifications.css
[Fri May  1 18:13:43 2026] [::1]:51694 [200]: GET /assets/css/calendar.css
[Fri May  1 18:13:43 2026] [::1]:51695 [200]: GET /assets/css/modern-dashboard.css
[Fri May  1 18:13:43 2026] [::1]:51691 Closing
[Fri May  1 18:13:43 2026] [::1]:51692 Closing
[Fri May  1 18:13:43 2026] [::1]:51693 Closing
[Fri May  1 18:13:43 2026] [::1]:51694 Closing
[Fri May  1 18:13:43 2026] [::1]:51695 Closing
[Fri May  1 18:13:43 2026] [::1]:51696 Accepted
[Fri May  1 18:13:43 2026] [::1]:51696 [200]: GET /api/notifications
[Fri May  1 18:13:43 2026] [::1]:51696 Closing
[Fri May  1 18:15:44 2026] [::1]:51701 Accepted
[Fri May  1 18:15:44 2026] [::1]:51701 [200]: GET /api/notifications
[Fri May  1 18:15:44 2026] [::1]:51701 Closing
[Fri May  1 18:16:48 2026] [::1]:51703 Accepted
[Fri May  1 18:16:48 2026] [::1]:51704 Accepted
[Fri May  1 18:16:48 2026] [::1]:51703 [200]: GET /dashboard
[Fri May  1 18:16:48 2026] [::1]:51703 Closing
[Fri May  1 18:16:48 2026] [::1]:51704 [200]: GET /assets/css/sidebar-advanced.css
[Fri May  1 18:16:48 2026] [::1]:51704 Closing
[Fri May  1 18:16:48 2026] [::1]:51707 Accepted
[Fri May  1 18:16:48 2026] [::1]:51708 Accepted
[Fri May  1 18:16:48 2026] [::1]:51707 [200]: GET /assets/css/premium.css
[Fri May  1 18:16:48 2026] [::1]:51707 Closing
[Fri May  1 18:16:48 2026] [::1]:51708 [200]: GET /assets/css/sticky-fix.css
[Fri May  1 18:16:48 2026] [::1]:51708 Closing
[Fri May  1 18:16:48 2026] [::1]:51709 Accepted
[Fri May  1 18:16:48 2026] [::1]:51710 Accepted
[Fri May  1 18:16:48 2026] [::1]:51711 Accepted
[Fri May  1 18:16:48 2026] [::1]:51709 [200]: GET /assets/css/topbar-fix.css
[Fri May  1 18:16:48 2026] [::1]:51710 [200]: GET /assets/css/notifications.css
[Fri May  1 18:16:48 2026] [::1]:51711 [200]: GET /assets/css/calendar.css
[Fri May  1 18:16:48 2026] [::1]:51709 Closing
[Fri May  1 18:16:48 2026] [::1]:51710 Closing
[Fri May  1 18:16:48 2026] [::1]:51711 Closing
[Fri May  1 18:16:48 2026] [::1]:51712 Accepted
[Fri May  1 18:16:48 2026] [::1]:51712 [200]: GET /assets/css/modern-dashboard.css
[Fri May  1 18:16:48 2026] [::1]:51712 Closing
[Fri May  1 18:16:48 2026] [::1]:51713 Accepted
[Fri May  1 18:16:48 2026] [::1]:51713 [200]: GET /api/notifications
[Fri May  1 18:16:48 2026] [::1]:51713 Closing
[Fri May  1 18:17:23 2026] [::1]:51719 Accepted
[Fri May  1 18:17:23 2026] [::1]:51719 [200]: GET /users
[Fri May  1 18:17:23 2026] [::1]:51719 Closing
[Fri May  1 18:17:23 2026] [::1]:51720 Accepted
[Fri May  1 18:17:23 2026] [::1]:51720 [200]: GET /assets/css/premium.css
[Fri May  1 18:17:23 2026] [::1]:51722 Accepted
[Fri May  1 18:17:23 2026] [::1]:51720 Closing
[Fri May  1 18:17:23 2026] [::1]:51723 Accepted
[Fri May  1 18:17:23 2026] [::1]:51724 Accepted
[Fri May  1 18:17:23 2026] [::1]:51725 Accepted
[Fri May  1 18:17:23 2026] [::1]:51722 [200]: GET /assets/css/sticky-fix.css
[Fri May  1 18:17:23 2026] [::1]:51723 [200]: GET /assets/css/sidebar-advanced.css
[Fri May  1 18:17:23 2026] [::1]:51724 [200]: GET /assets/css/topbar-fix.css
[Fri May  1 18:17:23 2026] [::1]:51722 Closing
[Fri May  1 18:17:23 2026] [::1]:51726 Accepted
[Fri May  1 18:17:23 2026] [::1]:51723 Closing
[Fri May  1 18:17:23 2026] [::1]:51724 Closing
[Fri May  1 18:17:23 2026] [::1]:51725 [200]: GET /assets/css/notifications.css
[Fri May  1 18:17:23 2026] [::1]:51725 Closing
[Fri May  1 18:17:23 2026] [::1]:51726 [200]: GET /assets/css/calendar.css
[Fri May  1 18:17:23 2026] [::1]:51726 Closing
[Fri May  1 18:17:23 2026] [::1]:51727 Accepted
[Fri May  1 18:17:23 2026] [::1]:51727 [200]: GET /api/notifications
[Fri May  1 18:17:23 2026] [::1]:51727 Closing
[Fri May  1 18:17:31 2026] [::1]:51732 Accepted
[Fri May  1 18:17:31 2026] [::1]:51732 [200]: GET /dashboard
[Fri May  1 18:17:31 2026] [::1]:51732 Closing
[Fri May  1 18:17:31 2026] [::1]:51733 Accepted
[Fri May  1 18:17:31 2026] [::1]:51733 [200]: GET /assets/css/premium.css
[Fri May  1 18:17:31 2026] [::1]:51735 Accepted
[Fri May  1 18:17:31 2026] [::1]:51733 Closing
[Fri May  1 18:17:31 2026] [::1]:51735 [200]: GET /assets/css/sticky-fix.css
[Fri May  1 18:17:31 2026] [::1]:51735 Closing
[Fri May  1 18:17:31 2026] [::1]:51736 Accepted
[Fri May  1 18:17:31 2026] [::1]:51737 Accepted
[Fri May  1 18:17:31 2026] [::1]:51738 Accepted
[Fri May  1 18:17:31 2026] [::1]:51739 Accepted
[Fri May  1 18:17:31 2026] [::1]:51736 [200]: GET /assets/css/sidebar-advanced.css
[Fri May  1 18:17:31 2026] [::1]:51737 [200]: GET /assets/css/topbar-fix.css
[Fri May  1 18:17:31 2026] [::1]:51738 [200]: GET /assets/css/notifications.css
[Fri May  1 18:17:31 2026] [::1]:51739 [200]: GET /assets/css/calendar.css
[Fri May  1 18:17:31 2026] [::1]:51736 Closing
[Fri May  1 18:17:31 2026] [::1]:51737 Closing
[Fri May  1 18:17:31 2026] [::1]:51738 Closing
[Fri May  1 18:17:31 2026] [::1]:51739 Closing
[Fri May  1 18:17:31 2026] [::1]:51740 Accepted
[Fri May  1 18:17:31 2026] [::1]:51740 [200]: GET /assets/css/modern-dashboard.css
[Fri May  1 18:17:31 2026] [::1]:51740 Closing
[Fri May  1 18:17:31 2026] [::1]:51741 Accepted
[Fri May  1 18:17:31 2026] [::1]:51741 [200]: GET /api/notifications
[Fri May  1 18:17:31 2026] [::1]:51741 Closing
[Fri May  1 18:18:51 2026] [::1]:51752 Accepted
[Fri May  1 18:18:51 2026] [::1]:51753 Accepted
[Fri May  1 18:18:52 2026] [::1]:51752 [200]: GET /dashboard
[Fri May  1 18:18:52 2026] [::1]:51752 Closing
[Fri May  1 18:18:52 2026] [::1]:51753 [200]: GET /assets/css/premium.css
[Fri May  1 18:18:52 2026] [::1]:51753 Closing
[Fri May  1 18:18:52 2026] [::1]:51756 Accepted
[Fri May  1 18:18:52 2026] [::1]:51756 [200]: GET /assets/css/sticky-fix.css
[Fri May  1 18:18:52 2026] [::1]:51756 Closing
[Fri May  1 18:18:52 2026] [::1]:51757 Accepted
[Fri May  1 18:18:52 2026] [::1]:51758 Accepted
[Fri May  1 18:18:52 2026] [::1]:51757 [200]: GET /assets/css/sidebar-advanced.css
[Fri May  1 18:18:52 2026] [::1]:51758 [200]: GET /assets/css/topbar-fix.css
[Fri May  1 18:18:52 2026] [::1]:51757 Closing
[Fri May  1 18:18:52 2026] [::1]:51758 Closing
[Fri May  1 18:18:52 2026] [::1]:51759 Accepted
[Fri May  1 18:18:52 2026] [::1]:51759 [200]: GET /assets/css/notifications.css
[Fri May  1 18:18:52 2026] [::1]:51759 Closing
[Fri May  1 18:18:52 2026] [::1]:51760 Accepted
[Fri May  1 18:18:52 2026] [::1]:51760 [200]: GET /assets/css/calendar.css
[Fri May  1 18:18:52 2026] [::1]:51760 Closing
[Fri May  1 18:18:52 2026] [::1]:51761 Accepted
[Fri May  1 18:18:52 2026] [::1]:51761 [200]: GET /assets/css/modern-dashboard.css
[Fri May  1 18:18:52 2026] [::1]:51761 Closing
[Fri May  1 18:18:52 2026] [::1]:51762 Accepted
[Fri May  1 18:18:52 2026] [::1]:51762 [200]: GET /api/notifications
[Fri May  1 18:18:52 2026] [::1]:51762 Closing
[Fri May  1 18:18:59 2026] [::1]:51767 Accepted
[Fri May  1 18:18:59 2026] [::1]:51767 [200]: GET /api/notifications
[Fri May  1 18:18:59 2026] [::1]:51767 Closing
[Fri May  1 18:19:18 2026] [::1]:51770 Accepted
[Fri May  1 18:19:18 2026] [::1]:51770 [200]: GET /medicines
[Fri May  1 18:19:18 2026] [::1]:51770 Closing
[Fri May  1 18:19:18 2026] [::1]:51771 Accepted
[Fri May  1 18:19:18 2026] [::1]:51771 [200]: GET /assets/css/premium.css
[Fri May  1 18:19:18 2026] [::1]:51771 Closing
[Fri May  1 18:19:18 2026] [::1]:51773 Accepted
[Fri May  1 18:19:18 2026] [::1]:51774 Accepted
[Fri May  1 18:19:18 2026] [::1]:51775 Accepted
[Fri May  1 18:19:18 2026] [::1]:51776 Accepted
[Fri May  1 18:19:18 2026] [::1]:51777 Accepted
[Fri May  1 18:19:18 2026] [::1]:51773 [200]: GET /assets/css/sticky-fix.css
[Fri May  1 18:19:18 2026] [::1]:51774 [200]: GET /assets/css/sidebar-advanced.css
[Fri May  1 18:19:18 2026] [::1]:51775 [200]: GET /assets/css/topbar-fix.css
[Fri May  1 18:19:18 2026] [::1]:51776 [200]: GET /assets/css/notifications.css
[Fri May  1 18:19:18 2026] [::1]:51777 [200]: GET /assets/css/calendar.css
[Fri May  1 18:19:18 2026] [::1]:51773 Closing
[Fri May  1 18:19:18 2026] [::1]:51774 Closing
[Fri May  1 18:19:18 2026] [::1]:51775 Closing
[Fri May  1 18:19:18 2026] [::1]:51776 Closing
[Fri May  1 18:19:18 2026] [::1]:51777 Closing
[Fri May  1 18:19:19 2026] [::1]:51778 Accepted
[Fri May  1 18:19:19 2026] [::1]:51778 [200]: GET /api/notifications
[Fri May  1 18:19:19 2026] [::1]:51778 Closing
[Fri May  1 18:21:19 2026] [::1]:51780 Accepted
[Fri May  1 18:21:19 2026] [::1]:51780 [200]: GET /api/notifications
[Fri May  1 18:21:19 2026] [::1]:51780 Closing
[Fri May  1 18:23:19 2026] [::1]:51794 Accepted
[Fri May  1 18:23:19 2026] [::1]:51794 [200]: GET /api/notifications
[Fri May  1 18:23:19 2026] [::1]:51794 Closing
[Fri May  1 18:25:19 2026] [::1]:51818 Accepted
[Fri May  1 18:25:19 2026] [::1]:51818 [200]: GET /api/notifications
[Fri May  1 18:25:19 2026] [::1]:51818 Closing
[Fri May  1 18:27:19 2026] [::1]:51823 Accepted
[Fri May  1 18:27:19 2026] [::1]:51823 [200]: GET /api/notifications
[Fri May  1 18:27:19 2026] [::1]:51823 Closing
[Fri May  1 18:29:19 2026] [::1]:51827 Accepted
[Fri May  1 18:29:19 2026] [::1]:51827 [200]: GET /api/notifications
[Fri May  1 18:29:19 2026] [::1]:51827 Closing
[Fri May  1 18:31:19 2026] [::1]:51830 Accepted
[Fri May  1 18:31:19 2026] [::1]:51830 [200]: GET /api/notifications
[Fri May  1 18:31:19 2026] [::1]:51830 Closing
[Fri May  1 18:32:12 2026] [::1]:51834 Accepted
[Fri May  1 18:32:12 2026] [::1]:51834 [200]: GET /medicines
[Fri May  1 18:32:12 2026] [::1]:51834 Closing
[Fri May  1 18:32:12 2026] [::1]:51835 Accepted
[Fri May  1 18:32:12 2026] [::1]:51835 [200]: GET /assets/css/premium.css
[Fri May  1 18:32:12 2026] [::1]:51838 Accepted
[Fri May  1 18:32:12 2026] [::1]:51835 Closing
[Fri May  1 18:32:12 2026] [::1]:51839 Accepted
[Fri May  1 18:32:12 2026] [::1]:51840 Accepted
[Fri May  1 18:32:12 2026] [::1]:51841 Accepted
[Fri May  1 18:32:12 2026] [::1]:51842 Accepted
[Fri May  1 18:32:12 2026] [::1]:51838 [200]: GET /assets/css/sticky-fix.css
[Fri May  1 18:32:12 2026] [::1]:51839 [200]: GET /assets/css/sidebar-advanced.css
[Fri May  1 18:32:12 2026] [::1]:51840 [200]: GET /assets/css/topbar-fix.css
[Fri May  1 18:32:12 2026] [::1]:51841 [200]: GET /assets/css/notifications.css
[Fri May  1 18:32:12 2026] [::1]:51842 [200]: GET /assets/css/calendar.css
[Fri May  1 18:32:12 2026] [::1]:51838 Closing
[Fri May  1 18:32:12 2026] [::1]:51839 Closing
[Fri May  1 18:32:12 2026] [::1]:51840 Closing
[Fri May  1 18:32:12 2026] [::1]:51841 Closing
[Fri May  1 18:32:12 2026] [::1]:51842 Closing
[Fri May  1 18:32:13 2026] [::1]:51844 Accepted
[Fri May  1 18:32:13 2026] [::1]:51844 [200]: GET /api/notifications
[Fri May  1 18:32:13 2026] [::1]:51844 Closing
[Fri May  1 18:34:13 2026] [::1]:51856 Accepted
[Fri May  1 18:34:13 2026] [::1]:51856 [200]: GET /api/notifications
[Fri May  1 18:34:13 2026] [::1]:51856 Closing
[Fri May  1 18:35:26 2026] [::1]:51860 Accepted
[Fri May  1 18:35:26 2026] [::1]:51860 [200]: GET /medicines
[Fri May  1 18:35:26 2026] [::1]:51860 Closing
[Fri May  1 18:35:26 2026] [::1]:51861 Accepted
[Fri May  1 18:35:26 2026] [::1]:51861 [200]: GET /assets/css/premium.css
[Fri May  1 18:35:26 2026] [::1]:51861 Closing
[Fri May  1 18:35:26 2026] [::1]:51864 Accepted
[Fri May  1 18:35:26 2026] [::1]:51864 [200]: GET /assets/css/sticky-fix.css
[Fri May  1 18:35:26 2026] [::1]:51864 Closing
[Fri May  1 18:35:26 2026] [::1]:51865 Accepted
[Fri May  1 18:35:26 2026] [::1]:51865 [200]: GET /assets/css/sidebar-advanced.css
[Fri May  1 18:35:26 2026] [::1]:51865 Closing
[Fri May  1 18:35:26 2026] [::1]:51866 Accepted
[Fri May  1 18:35:26 2026] [::1]:51866 [200]: GET /assets/css/topbar-fix.css
[Fri May  1 18:35:26 2026] [::1]:51866 Closing
[Fri May  1 18:35:26 2026] [::1]:51867 Accepted
[Fri May  1 18:35:26 2026] [::1]:51868 Accepted
[Fri May  1 18:35:26 2026] [::1]:51867 [200]: GET /assets/css/notifications.css
[Fri May  1 18:35:26 2026] [::1]:51868 [200]: GET /assets/css/calendar.css
[Fri May  1 18:35:26 2026] [::1]:51867 Closing
[Fri May  1 18:35:26 2026] [::1]:51868 Closing
[Fri May  1 18:35:26 2026] [::1]:51869 Accepted
[Fri May  1 18:35:26 2026] [::1]:51869 [200]: GET /api/notifications
[Fri May  1 18:35:26 2026] [::1]:51869 Closing
[Fri May  1 18:35:40 2026] [::1]:51871 Accepted
[Fri May  1 18:35:40 2026] [::1]:51871 [200]: GET /dashboard
[Fri May  1 18:35:40 2026] [::1]:51871 Closing
[Fri May  1 18:35:40 2026] [::1]:51872 Accepted
[Fri May  1 18:35:40 2026] [::1]:51872 [200]: GET /assets/css/premium.css
[Fri May  1 18:35:40 2026] [::1]:51872 Closing
[Fri May  1 18:35:40 2026] [::1]:51874 Accepted
[Fri May  1 18:35:40 2026] [::1]:51875 Accepted
[Fri May  1 18:35:40 2026] [::1]:51876 Accepted
[Fri May  1 18:35:40 2026] [::1]:51877 Accepted
[Fri May  1 18:35:40 2026] [::1]:51878 Accepted
[Fri May  1 18:35:40 2026] [::1]:51874 [200]: GET /assets/css/sticky-fix.css
[Fri May  1 18:35:40 2026] [::1]:51875 [200]: GET /assets/css/sidebar-advanced.css
[Fri May  1 18:35:40 2026] [::1]:51876 [200]: GET /assets/css/topbar-fix.css
[Fri May  1 18:35:40 2026] [::1]:51877 [200]: GET /assets/css/notifications.css
[Fri May  1 18:35:40 2026] [::1]:51878 [200]: GET /assets/css/calendar.css
[Fri May  1 18:35:40 2026] [::1]:51874 Closing
[Fri May  1 18:35:40 2026] [::1]:51875 Closing
[Fri May  1 18:35:40 2026] [::1]:51876 Closing
[Fri May  1 18:35:40 2026] [::1]:51877 Closing
[Fri May  1 18:35:40 2026] [::1]:51878 Closing
[Fri May  1 18:35:40 2026] [::1]:51879 Accepted
[Fri May  1 18:35:40 2026] [::1]:51879 [200]: GET /assets/css/modern-dashboard.css
[Fri May  1 18:35:40 2026] [::1]:51879 Closing
[Fri May  1 18:35:41 2026] [::1]:51880 Accepted
[Fri May  1 18:35:41 2026] [::1]:51880 [200]: GET /api/notifications
[Fri May  1 18:35:41 2026] [::1]:51880 Closing
[Fri May  1 18:37:41 2026] [::1]:51888 Accepted
[Fri May  1 18:37:41 2026] [::1]:51888 [200]: GET /api/notifications
[Fri May  1 18:37:41 2026] [::1]:51888 Closing
[Fri May  1 18:39:41 2026] [::1]:51895 Accepted
[Fri May  1 18:39:41 2026] [::1]:51895 [200]: GET /api/notifications
[Fri May  1 18:39:41 2026] [::1]:51895 Closing
[Fri May  1 18:41:41 2026] [::1]:51898 Accepted
[Fri May  1 18:41:41 2026] [::1]:51898 [200]: GET /api/notifications
[Fri May  1 18:41:41 2026] [::1]:51898 Closing
[Fri May  1 18:43:27 2026] [::1]:51905 Accepted
[Fri May  1 18:43:27 2026] [::1]:51905 [200]: GET /dashboard
[Fri May  1 18:43:27 2026] [::1]:51905 Closing
[Fri May  1 18:43:27 2026] [::1]:51906 Accepted
[Fri May  1 18:43:27 2026] [::1]:51906 [200]: GET /assets/css/premium.css
[Fri May  1 18:43:27 2026] [::1]:51909 Accepted
[Fri May  1 18:43:27 2026] [::1]:51906 Closing
[Fri May  1 18:43:27 2026] [::1]:51910 Accepted
[Fri May  1 18:43:27 2026] [::1]:51909 [200]: GET /assets/css/sticky-fix.css
[Fri May  1 18:43:27 2026] [::1]:51911 Accepted
[Fri May  1 18:43:27 2026] [::1]:51912 Accepted
[Fri May  1 18:43:27 2026] [::1]:51913 Accepted
[Fri May  1 18:43:27 2026] [::1]:51909 Closing
[Fri May  1 18:43:27 2026] [::1]:51913 [200]: GET /assets/css/sidebar-advanced.css
[Fri May  1 18:43:27 2026] [::1]:51911 [200]: GET /assets/css/notifications.css
[Fri May  1 18:43:27 2026] [::1]:51912 [200]: GET /assets/css/topbar-fix.css
[Fri May  1 18:43:27 2026] [::1]:51910 [200]: GET /assets/css/calendar.css
[Fri May  1 18:43:27 2026] [::1]:51913 Closing
[Fri May  1 18:43:27 2026] [::1]:51911 Closing
[Fri May  1 18:43:27 2026] [::1]:51912 Closing
[Fri May  1 18:43:27 2026] [::1]:51910 Closing
[Fri May  1 18:43:27 2026] [::1]:51914 Accepted
[Fri May  1 18:43:27 2026] [::1]:51914 [200]: GET /assets/css/modern-dashboard.css
[Fri May  1 18:43:27 2026] [::1]:51914 Closing
[Fri May  1 18:43:27 2026] [::1]:51915 Accepted
[Fri May  1 18:43:27 2026] [::1]:51915 [200]: GET /api/notifications
[Fri May  1 18:43:27 2026] [::1]:51915 Closing
[Fri May  1 18:43:30 2026] [::1]:51918 Accepted
[Fri May  1 18:43:30 2026] [::1]:51918 [200]: GET /medicines
[Fri May  1 18:43:30 2026] [::1]:51918 Closing
[Fri May  1 18:43:30 2026] [::1]:51919 Accepted
[Fri May  1 18:43:30 2026] [::1]:51919 [200]: GET /assets/css/medicines-advanced.css
[Fri May  1 18:43:30 2026] [::1]:51919 Closing
[Fri May  1 18:43:30 2026] [::1]:51921 Accepted
[Fri May  1 18:43:30 2026] [::1]:51922 Accepted
[Fri May  1 18:43:30 2026] [::1]:51921 [200]: GET /assets/css/premium.css
[Fri May  1 18:43:30 2026] [::1]:51922 [200]: GET /assets/js/medicines-advanced.js
[Fri May  1 18:43:30 2026] [::1]:51923 Accepted
[Fri May  1 18:43:30 2026] [::1]:51924 Accepted
[Fri May  1 18:43:30 2026] [::1]:51923 [200]: GET /assets/css/sticky-fix.css
[Fri May  1 18:43:30 2026] [::1]:51921 Closing
[Fri May  1 18:43:30 2026] [::1]:51925 Accepted
[Fri May  1 18:43:30 2026] [::1]:51924 [200]: GET /assets/css/sidebar-advanced.css
[Fri May  1 18:43:30 2026] [::1]:51922 Closing
[Fri May  1 18:43:30 2026] [::1]:51926 Accepted
[Fri May  1 18:43:30 2026] [::1]:51925 [200]: GET /assets/css/topbar-fix.css
[Fri May  1 18:43:30 2026] [::1]:51926 [200]: GET /assets/css/notifications.css
[Fri May  1 18:43:30 2026] [::1]:51923 Closing
[Fri May  1 18:43:30 2026] [::1]:51924 Closing
[Fri May  1 18:43:30 2026] [::1]:51925 Closing
[Fri May  1 18:43:30 2026] [::1]:51926 Closing
[Fri May  1 18:43:30 2026] [::1]:51927 Accepted
[Fri May  1 18:43:30 2026] [::1]:51927 [200]: GET /assets/css/calendar.css
[Fri May  1 18:43:30 2026] [::1]:51927 Closing
[Fri May  1 18:43:30 2026] [::1]:51928 Accepted
[Fri May  1 18:43:30 2026] [::1]:51928 [200]: GET /api/notifications
[Fri May  1 18:43:30 2026] [::1]:51928 Closing
[Fri May  1 18:43:58 2026] [::1]:51931 Accepted
[Fri May  1 18:43:58 2026] [::1]:51931 [200]: GET /medicines
[Fri May  1 18:43:58 2026] [::1]:51931 Closing
[Fri May  1 18:43:58 2026] [::1]:51932 Accepted
[Fri May  1 18:43:58 2026] [::1]:51932 [200]: GET /assets/css/premium.css
[Fri May  1 18:43:58 2026] [::1]:51932 Closing
[Fri May  1 18:43:58 2026] [::1]:51934 Accepted
[Fri May  1 18:43:58 2026] [::1]:51935 Accepted
[Fri May  1 18:43:58 2026] [::1]:51936 Accepted
[Fri May  1 18:43:58 2026] [::1]:51937 Accepted
[Fri May  1 18:43:58 2026] [::1]:51938 Accepted
[Fri May  1 18:43:58 2026] [::1]:51934 [200]: GET /assets/css/sticky-fix.css
[Fri May  1 18:43:58 2026] [::1]:51935 [200]: GET /assets/css/sidebar-advanced.css
[Fri May  1 18:43:58 2026] [::1]:51936 [200]: GET /assets/css/topbar-fix.css
[Fri May  1 18:43:58 2026] [::1]:51937 [200]: GET /assets/css/notifications.css
[Fri May  1 18:43:58 2026] [::1]:51938 [200]: GET /assets/css/calendar.css
[Fri May  1 18:43:58 2026] [::1]:51934 Closing
[Fri May  1 18:43:58 2026] [::1]:51935 Closing
[Fri May  1 18:43:58 2026] [::1]:51936 Closing
[Fri May  1 18:43:58 2026] [::1]:51937 Closing
[Fri May  1 18:43:58 2026] [::1]:51938 Closing
[Fri May  1 18:43:58 2026] [::1]:51939 Accepted
[Fri May  1 18:43:58 2026] [::1]:51940 Accepted
[Fri May  1 18:43:58 2026] [::1]:51939 [200]: GET /assets/css/medicines-advanced.css
[Fri May  1 18:43:58 2026] [::1]:51939 Closing
[Fri May  1 18:43:58 2026] [::1]:51940 [200]: GET /assets/js/medicines-advanced.js
[Fri May  1 18:43:58 2026] [::1]:51940 Closing
[Fri May  1 18:43:58 2026] [::1]:51941 Accepted
[Fri May  1 18:43:59 2026] [::1]:51941 [200]: GET /api/notifications
[Fri May  1 18:43:59 2026] [::1]:51941 Closing
[Fri May  1 18:44:26 2026] [::1]:51944 Accepted
[Fri May  1 18:44:26 2026] [::1]:51944 [200]: GET /batches
[Fri May  1 18:44:26 2026] [::1]:51944 Closing
[Fri May  1 18:44:26 2026] [::1]:51945 Accepted
[Fri May  1 18:44:26 2026] [::1]:51945 [200]: GET /assets/css/premium.css
[Fri May  1 18:44:26 2026] [::1]:51947 Accepted
[Fri May  1 18:44:26 2026] [::1]:51945 Closing
[Fri May  1 18:44:26 2026] [::1]:51948 Accepted
[Fri May  1 18:44:26 2026] [::1]:51949 Accepted
[Fri May  1 18:44:26 2026] [::1]:51950 Accepted
[Fri May  1 18:44:26 2026] [::1]:51947 [200]: GET /assets/css/sticky-fix.css
[Fri May  1 18:44:26 2026] [::1]:51948 [200]: GET /assets/css/sidebar-advanced.css
[Fri May  1 18:44:26 2026] [::1]:51947 Closing
[Fri May  1 18:44:26 2026] [::1]:51948 Closing
[Fri May  1 18:44:26 2026] [::1]:51950 [200]: GET /assets/css/topbar-fix.css
[Fri May  1 18:44:26 2026] [::1]:51949 [200]: GET /assets/css/notifications.css
[Fri May  1 18:44:26 2026] [::1]:51950 Closing
[Fri May  1 18:44:26 2026] [::1]:51949 Closing
[Fri May  1 18:44:26 2026] [::1]:51951 Accepted
[Fri May  1 18:44:26 2026] [::1]:51951 [200]: GET /assets/css/calendar.css
[Fri May  1 18:44:26 2026] [::1]:51951 Closing
[Fri May  1 18:44:26 2026] [::1]:51952 Accepted
[Fri May  1 18:44:26 2026] [::1]:51952 [200]: GET /api/notifications
[Fri May  1 18:44:26 2026] [::1]:51952 Closing
[Fri May  1 18:46:27 2026] [::1]:51957 Accepted
[Fri May  1 18:46:27 2026] [::1]:51957 [200]: GET /api/notifications
[Fri May  1 18:46:27 2026] [::1]:51957 Closing
[Fri May  1 18:52:14 2026] [::1]:51978 Accepted
[Fri May  1 18:52:14 2026] [::1]:51978 [200]: GET /api/notifications
[Fri May  1 18:52:14 2026] [::1]:51978 Closing
[Fri May  1 18:52:17 2026] [::1]:51980 Accepted
[Fri May  1 18:52:17 2026] [::1]:51981 Accepted
[Fri May  1 18:52:17 2026] [::1]:51980 [200]: GET /batches
[Fri May  1 18:52:17 2026] [::1]:51980 Closing
[Fri May  1 18:52:17 2026] [::1]:51981 [200]: GET /assets/css/batches-advanced.css
[Fri May  1 18:52:17 2026] [::1]:51981 Closing
[Fri May  1 18:52:17 2026] [::1]:51984 Accepted
[Fri May  1 18:52:17 2026] [::1]:51985 Accepted
[Fri May  1 18:52:17 2026] [::1]:51986 Accepted
[Fri May  1 18:52:17 2026] [::1]:51987 Accepted
[Fri May  1 18:52:17 2026] [::1]:51988 Accepted
[Fri May  1 18:52:17 2026] [::1]:51984 [200]: GET /assets/css/premium.css
[Fri May  1 18:52:17 2026] [::1]:51985 [200]: GET /assets/css/sticky-fix.css
[Fri May  1 18:52:17 2026] [::1]:51984 Closing
[Fri May  1 18:52:17 2026] [::1]:51986 [200]: GET /assets/css/sidebar-advanced.css
[Fri May  1 18:52:17 2026] [::1]:51985 Closing
[Fri May  1 18:52:17 2026] [::1]:51987 [200]: GET /assets/css/topbar-fix.css
[Fri May  1 18:52:17 2026] [::1]:51988 [200]: GET /assets/css/notifications.css
[Fri May  1 18:52:17 2026] [::1]:51986 Closing
[Fri May  1 18:52:17 2026] [::1]:51987 Closing
[Fri May  1 18:52:17 2026] [::1]:51988 Closing
[Fri May  1 18:52:17 2026] [::1]:51989 Accepted
[Fri May  1 18:52:17 2026] [::1]:51989 [200]: GET /assets/css/calendar.css
[Fri May  1 18:52:17 2026] [::1]:51989 Closing
[Fri May  1 18:52:17 2026] [::1]:51990 Accepted
[Fri May  1 18:52:17 2026] [::1]:51990 [200]: GET /assets/js/batches-advanced.js
[Fri May  1 18:52:17 2026] [::1]:51990 Closing
[Fri May  1 18:52:17 2026] [::1]:51991 Accepted
[Fri May  1 18:52:17 2026] [::1]:51991 [200]: GET /api/notifications
[Fri May  1 18:52:17 2026] [::1]:51991 Closing
[Fri May  1 18:52:41 2026] [::1]:51996 Accepted
[Fri May  1 18:52:41 2026] [::1]:51996 [200]: GET /stocks
[Fri May  1 18:52:41 2026] [::1]:51996 Closing
[Fri May  1 18:52:41 2026] [::1]:51997 Accepted
[Fri May  1 18:52:41 2026] [::1]:51999 Accepted
[Fri May  1 18:52:41 2026] [::1]:51997 [200]: GET /assets/css/premium.css
[Fri May  1 18:52:41 2026] [::1]:51999 [200]: GET /assets/css/sticky-fix.css
[Fri May  1 18:52:41 2026] [::1]:52000 Accepted
[Fri May  1 18:52:41 2026] [::1]:52001 Accepted
[Fri May  1 18:52:41 2026] [::1]:52000 [200]: GET /assets/css/sidebar-advanced.css
[Fri May  1 18:52:41 2026] [::1]:51997 Closing
[Fri May  1 18:52:41 2026] [::1]:52002 Accepted
[Fri May  1 18:52:41 2026] [::1]:52001 [200]: GET /assets/css/topbar-fix.css
[Fri May  1 18:52:41 2026] [::1]:51999 Closing
[Fri May  1 18:52:41 2026] [::1]:52003 Accepted
[Fri May  1 18:52:41 2026] [::1]:52002 [200]: GET /assets/css/notifications.css
[Fri May  1 18:52:41 2026] [::1]:52003 [200]: GET /assets/css/calendar.css
[Fri May  1 18:52:41 2026] [::1]:52000 Closing
[Fri May  1 18:52:41 2026] [::1]:52001 Closing
[Fri May  1 18:52:41 2026] [::1]:52002 Closing
[Fri May  1 18:52:41 2026] [::1]:52003 Closing
[Fri May  1 18:52:41 2026] [::1]:52004 Accepted
[Fri May  1 18:52:41 2026] [::1]:52004 [200]: GET /api/notifications
[Fri May  1 18:52:41 2026] [::1]:52004 Closing
[Fri May  1 18:54:41 2026] [::1]:52011 Accepted
[Fri May  1 18:54:41 2026] [::1]:52011 [200]: GET /api/notifications
[Fri May  1 18:54:41 2026] [::1]:52011 Closing
[Fri May  1 18:56:41 2026] [::1]:52013 Accepted
[Fri May  1 18:56:41 2026] [::1]:52013 [200]: GET /api/notifications
[Fri May  1 18:56:41 2026] [::1]:52013 Closing
[Fri May  1 18:56:42 2026] [::1]:52015 Accepted
[Fri May  1 18:56:42 2026] [::1]:52015 [200]: GET /stocks
[Fri May  1 18:56:42 2026] [::1]:52015 Closing
[Fri May  1 18:56:42 2026] [::1]:52016 Accepted
[Fri May  1 18:56:42 2026] [::1]:52016 [200]: GET /assets/css/premium.css
[Fri May  1 18:56:42 2026] [::1]:52016 Closing
[Fri May  1 18:56:42 2026] [::1]:52019 Accepted
[Fri May  1 18:56:42 2026] [::1]:52019 [200]: GET /assets/css/sticky-fix.css
[Fri May  1 18:56:42 2026] [::1]:52019 Closing
[Fri May  1 18:56:42 2026] [::1]:52020 Accepted
[Fri May  1 18:56:42 2026] [::1]:52021 Accepted
[Fri May  1 18:56:42 2026] [::1]:52022 Accepted
[Fri May  1 18:56:42 2026] [::1]:52023 Accepted
[Fri May  1 18:56:42 2026] [::1]:52020 [200]: GET /assets/css/sidebar-advanced.css
[Fri May  1 18:56:42 2026] [::1]:52021 [200]: GET /assets/css/topbar-fix.css
[Fri May  1 18:56:42 2026] [::1]:52022 [200]: GET /assets/css/notifications.css
[Fri May  1 18:56:42 2026] [::1]:52023 [200]: GET /assets/css/calendar.css
[Fri May  1 18:56:42 2026] [::1]:52020 Closing
[Fri May  1 18:56:42 2026] [::1]:52021 Closing
[Fri May  1 18:56:42 2026] [::1]:52022 Closing
[Fri May  1 18:56:42 2026] [::1]:52023 Closing
[Fri May  1 18:56:43 2026] [::1]:52024 Accepted
[Fri May  1 18:56:43 2026] [::1]:52024 [200]: GET /api/notifications
[Fri May  1 18:56:43 2026] [::1]:52024 Closing
[Fri May  1 18:58:43 2026] [::1]:52035 Accepted
[Fri May  1 18:58:43 2026] [::1]:52035 [200]: GET /api/notifications
[Fri May  1 18:58:43 2026] [::1]:52035 Closing
[Fri May  1 18:59:31 2026] [::1]:52037 Accepted
[Fri May  1 18:59:31 2026] [::1]:52037 [200]: GET /stocks
[Fri May  1 18:59:31 2026] [::1]:52037 Closing
[Fri May  1 18:59:31 2026] [::1]:52038 Accepted
[Fri May  1 18:59:31 2026] [::1]:52038 [200]: GET /assets/css/premium.css
[Fri May  1 18:59:31 2026] [::1]:52041 Accepted
[Fri May  1 18:59:31 2026] [::1]:52038 Closing
[Fri May  1 18:59:31 2026] [::1]:52042 Accepted
[Fri May  1 18:59:31 2026] [::1]:52043 Accepted
[Fri May  1 18:59:31 2026] [::1]:52044 Accepted
[Fri May  1 18:59:31 2026] [::1]:52045 Accepted
[Fri May  1 18:59:31 2026] [::1]:52041 [200]: GET /assets/css/sticky-fix.css
[Fri May  1 18:59:31 2026] [::1]:52044 [200]: GET /assets/css/sidebar-advanced.css
[Fri May  1 18:59:31 2026] [::1]:52042 [200]: GET /assets/css/notifications.css
[Fri May  1 18:59:31 2026] [::1]:52043 [200]: GET /assets/css/topbar-fix.css
[Fri May  1 18:59:31 2026] [::1]:52045 [200]: GET /assets/css/calendar.css
[Fri May  1 18:59:31 2026] [::1]:52041 Closing
[Fri May  1 18:59:31 2026] [::1]:52044 Closing
[Fri May  1 18:59:31 2026] [::1]:52042 Closing
[Fri May  1 18:59:31 2026] [::1]:52043 Closing
[Fri May  1 18:59:31 2026] [::1]:52045 Closing
[Fri May  1 18:59:31 2026] [::1]:52046 Accepted
[Fri May  1 18:59:32 2026] [::1]:52046 [200]: GET /api/notifications
[Fri May  1 18:59:32 2026] [::1]:52046 Closing
[Fri May  1 18:59:33 2026] [::1]:52049 Accepted
[Fri May  1 18:59:33 2026] [::1]:52050 Accepted
[Fri May  1 18:59:33 2026] [::1]:52049 [200]: GET /stocks
[Fri May  1 18:59:33 2026] [::1]:52049 Closing
[Fri May  1 18:59:33 2026] [::1]:52050 [200]: GET /assets/css/premium.css
[Fri May  1 18:59:33 2026] [::1]:52050 Closing
[Fri May  1 18:59:33 2026] [::1]:52052 Accepted
[Fri May  1 18:59:33 2026] [::1]:52053 Accepted
[Fri May  1 18:59:33 2026] [::1]:52054 Accepted
[Fri May  1 18:59:33 2026] [::1]:52055 Accepted
[Fri May  1 18:59:33 2026] [::1]:52056 Accepted
[Fri May  1 18:59:33 2026] [::1]:52052 [200]: GET /assets/css/sticky-fix.css
[Fri May  1 18:59:33 2026] [::1]:52053 [200]: GET /assets/css/sidebar-advanced.css
[Fri May  1 18:59:33 2026] [::1]:52056 [200]: GET /assets/css/topbar-fix.css
[Fri May  1 18:59:33 2026] [::1]:52052 Closing
[Fri May  1 18:59:33 2026] [::1]:52054 [200]: GET /assets/css/calendar.css
[Fri May  1 18:59:33 2026] [::1]:52055 [200]: GET /assets/css/notifications.css
[Fri May  1 18:59:33 2026] [::1]:52053 Closing
[Fri May  1 18:59:33 2026] [::1]:52056 Closing
[Fri May  1 18:59:33 2026] [::1]:52054 Closing
[Fri May  1 18:59:33 2026] [::1]:52055 Closing
[Fri May  1 18:59:33 2026] [::1]:52057 Accepted
[Fri May  1 18:59:33 2026] [::1]:52057 [200]: GET /api/notifications
[Fri May  1 18:59:33 2026] [::1]:52057 Closing
[Fri May  1 19:01:33 2026] [::1]:52060 Accepted
[Fri May  1 19:01:33 2026] [::1]:52060 [200]: GET /api/notifications
[Fri May  1 19:01:33 2026] [::1]:52060 Closing
[Fri May  1 19:03:33 2026] [::1]:52067 Accepted
[Fri May  1 19:03:33 2026] [::1]:52067 [200]: GET /api/notifications
[Fri May  1 19:03:33 2026] [::1]:52067 Closing
[Fri May  1 19:05:33 2026] [::1]:52070 Accepted
[Fri May  1 19:05:33 2026] [::1]:52070 [200]: GET /api/notifications
[Fri May  1 19:05:33 2026] [::1]:52070 Closing
[Fri May  1 19:05:48 2026] [::1]:52072 Accepted
[Fri May  1 19:05:48 2026] [::1]:52072 [200]: GET /stocks
[Fri May  1 19:05:48 2026] [::1]:52072 Closing
[Fri May  1 19:05:48 2026] [::1]:52073 Accepted
[Fri May  1 19:05:48 2026] [::1]:52073 [200]: GET /assets/css/premium.css
[Fri May  1 19:05:48 2026] [::1]:52073 Closing
[Fri May  1 19:05:48 2026] [::1]:52076 Accepted
[Fri May  1 19:05:48 2026] [::1]:52077 Accepted
[Fri May  1 19:05:48 2026] [::1]:52078 Accepted
[Fri May  1 19:05:48 2026] [::1]:52079 Accepted
[Fri May  1 19:05:48 2026] [::1]:52080 Accepted
[Fri May  1 19:05:48 2026] [::1]:52076 [200]: GET /assets/css/sticky-fix.css
[Fri May  1 19:05:48 2026] [::1]:52077 [200]: GET /assets/css/sidebar-advanced.css
[Fri May  1 19:05:48 2026] [::1]:52078 [200]: GET /assets/css/topbar-fix.css
[Fri May  1 19:05:48 2026] [::1]:52079 [200]: GET /assets/css/notifications.css
[Fri May  1 19:05:48 2026] [::1]:52080 [200]: GET /assets/css/calendar.css
[Fri May  1 19:05:48 2026] [::1]:52076 Closing
[Fri May  1 19:05:48 2026] [::1]:52077 Closing
[Fri May  1 19:05:48 2026] [::1]:52078 Closing
[Fri May  1 19:05:48 2026] [::1]:52079 Closing
[Fri May  1 19:05:48 2026] [::1]:52080 Closing
[Fri May  1 19:05:48 2026] [::1]:52081 Accepted
[Fri May  1 19:05:48 2026] [::1]:52081 [200]: GET /api/notifications
[Fri May  1 19:05:48 2026] [::1]:52081 Closing
[Fri May  1 19:05:50 2026] [::1]:52084 Accepted
[Fri May  1 19:05:50 2026] [::1]:52085 Accepted
[Fri May  1 19:05:50 2026] [::1]:52084 [200]: GET /stocks
[Fri May  1 19:05:50 2026] [::1]:52084 Closing
[Fri May  1 19:05:50 2026] [::1]:52085 [200]: GET /assets/css/premium.css
[Fri May  1 19:05:50 2026] [::1]:52087 Accepted
[Fri May  1 19:05:50 2026] [::1]:52085 Closing
[Fri May  1 19:05:50 2026] [::1]:52088 Accepted
[Fri May  1 19:05:50 2026] [::1]:52089 Accepted
[Fri May  1 19:05:50 2026] [::1]:52090 Accepted
[Fri May  1 19:05:50 2026] [::1]:52091 Accepted
[Fri May  1 19:05:50 2026] [::1]:52087 [200]: GET /assets/css/sticky-fix.css
[Fri May  1 19:05:50 2026] [::1]:52088 [200]: GET /assets/css/sidebar-advanced.css
[Fri May  1 19:05:50 2026] [::1]:52089 [200]: GET /assets/css/topbar-fix.css
[Fri May  1 19:05:50 2026] [::1]:52090 [200]: GET /assets/css/calendar.css
[Fri May  1 19:05:50 2026] [::1]:52091 [200]: GET /assets/css/notifications.css
[Fri May  1 19:05:50 2026] [::1]:52087 Closing
[Fri May  1 19:05:50 2026] [::1]:52088 Closing
[Fri May  1 19:05:50 2026] [::1]:52089 Closing
[Fri May  1 19:05:50 2026] [::1]:52090 Closing
[Fri May  1 19:05:50 2026] [::1]:52091 Closing
[Fri May  1 19:05:50 2026] [::1]:52092 Accepted
[Fri May  1 19:05:50 2026] [::1]:52092 [200]: GET /api/notifications
[Fri May  1 19:05:50 2026] [::1]:52092 Closing
[Fri May  1 19:05:57 2026] [::1]:52096 Accepted
[Fri May  1 19:05:57 2026] [::1]:52096 [200]: GET /dashboard
[Fri May  1 19:05:57 2026] [::1]:52096 Closing
[Fri May  1 19:05:57 2026] [::1]:52097 Accepted
[Fri May  1 19:05:57 2026] [::1]:52097 [200]: GET /assets/css/premium.css
[Fri May  1 19:05:57 2026] [::1]:52099 Accepted
[Fri May  1 19:05:57 2026] [::1]:52097 Closing
[Fri May  1 19:05:57 2026] [::1]:52100 Accepted
[Fri May  1 19:05:57 2026] [::1]:52099 [200]: GET /assets/css/sticky-fix.css
[Fri May  1 19:05:57 2026] [::1]:52100 [200]: GET /assets/css/sidebar-advanced.css
[Fri May  1 19:05:57 2026] [::1]:52099 Closing
[Fri May  1 19:05:57 2026] [::1]:52100 Closing
[Fri May  1 19:05:57 2026] [::1]:52101 Accepted
[Fri May  1 19:05:57 2026] [::1]:52102 Accepted
[Fri May  1 19:05:57 2026] [::1]:52101 [200]: GET /assets/css/topbar-fix.css
[Fri May  1 19:05:57 2026] [::1]:52102 [200]: GET /assets/css/notifications.css
[Fri May  1 19:05:57 2026] [::1]:52101 Closing
[Fri May  1 19:05:57 2026] [::1]:52102 Closing
[Fri May  1 19:05:57 2026] [::1]:52103 Accepted
[Fri May  1 19:05:57 2026] [::1]:52103 [200]: GET /assets/css/calendar.css
[Fri May  1 19:05:57 2026] [::1]:52103 Closing
[Fri May  1 19:05:57 2026] [::1]:52104 Accepted
[Fri May  1 19:05:57 2026] [::1]:52104 [200]: GET /assets/css/modern-dashboard.css
[Fri May  1 19:05:57 2026] [::1]:52104 Closing
[Fri May  1 19:05:58 2026] [::1]:52105 Accepted
[Fri May  1 19:05:58 2026] [::1]:52105 [200]: GET /api/notifications
[Fri May  1 19:05:58 2026] [::1]:52105 Closing
[Fri May  1 19:07:58 2026] [::1]:52116 Accepted
[Fri May  1 19:07:58 2026] [::1]:52116 [200]: GET /api/notifications
[Fri May  1 19:07:58 2026] [::1]:52116 Closing
[Fri May  1 19:09:19 2026] [::1]:52119 Accepted
[Fri May  1 19:09:19 2026] [::1]:52119 [200]: GET /dashboard
[Fri May  1 19:09:19 2026] [::1]:52119 Closing
[Fri May  1 19:09:19 2026] [::1]:52120 Accepted
[Fri May  1 19:09:19 2026] [::1]:52120 [200]: GET /assets/css/premium.css
[Fri May  1 19:09:19 2026] [::1]:52120 Closing
[Fri May  1 19:09:19 2026] [::1]:52123 Accepted
[Fri May  1 19:09:19 2026] [::1]:52123 [200]: GET /assets/css/sticky-fix.css
[Fri May  1 19:09:19 2026] [::1]:52123 Closing
[Fri May  1 19:09:19 2026] [::1]:52124 Accepted
[Fri May  1 19:09:19 2026] [::1]:52125 Accepted
[Fri May  1 19:09:19 2026] [::1]:52126 Accepted
[Fri May  1 19:09:19 2026] [::1]:52127 Accepted
[Fri May  1 19:09:19 2026] [::1]:52124 [200]: GET /assets/css/sidebar-advanced.css
[Fri May  1 19:09:19 2026] [::1]:52125 [200]: GET /assets/css/topbar-fix.css
[Fri May  1 19:09:19 2026] [::1]:52126 [200]: GET /assets/css/notifications.css
[Fri May  1 19:09:19 2026] [::1]:52127 [200]: GET /assets/css/calendar.css
[Fri May  1 19:09:19 2026] [::1]:52124 Closing
[Fri May  1 19:09:19 2026] [::1]:52125 Closing
[Fri May  1 19:09:19 2026] [::1]:52126 Closing
[Fri May  1 19:09:19 2026] [::1]:52127 Closing
[Fri May  1 19:09:19 2026] [::1]:52128 Accepted
[Fri May  1 19:09:19 2026] [::1]:52128 [200]: GET /assets/css/modern-dashboard.css
[Fri May  1 19:09:19 2026] [::1]:52128 Closing
[Fri May  1 19:09:19 2026] [::1]:52129 Accepted
[Fri May  1 19:09:19 2026] [::1]:52129 [200]: GET /api/notifications
[Fri May  1 19:09:19 2026] [::1]:52129 Closing
[Fri May  1 19:11:19 2026] [::1]:52134 Accepted
[Fri May  1 19:11:19 2026] [::1]:52134 [200]: GET /api/notifications
[Fri May  1 19:11:19 2026] [::1]:52134 Closing
[Fri May  1 19:11:35 2026] [::1]:52136 Accepted
[Fri May  1 19:11:35 2026] [::1]:52136 [200]: GET /dashboard
[Fri May  1 19:11:35 2026] [::1]:52136 Closing
[Fri May  1 19:11:35 2026] [::1]:52137 Accepted
[Fri May  1 19:11:35 2026] [::1]:52137 [200]: GET /assets/css/premium.css
[Fri May  1 19:11:35 2026] [::1]:52137 Closing
[Fri May  1 19:11:35 2026] [::1]:52140 Accepted
[Fri May  1 19:11:35 2026] [::1]:52141 Accepted
[Fri May  1 19:11:35 2026] [::1]:52142 Accepted
[Fri May  1 19:11:35 2026] [::1]:52143 Accepted
[Fri May  1 19:11:35 2026] [::1]:52144 Accepted
[Fri May  1 19:11:35 2026] [::1]:52140 [200]: GET /assets/css/sticky-fix.css
[Fri May  1 19:11:35 2026] [::1]:52141 [200]: GET /assets/css/sidebar-advanced.css
[Fri May  1 19:11:35 2026] [::1]:52142 [200]: GET /assets/css/topbar-fix.css
[Fri May  1 19:11:35 2026] [::1]:52143 [200]: GET /assets/css/notifications.css
[Fri May  1 19:11:35 2026] [::1]:52144 [200]: GET /assets/css/calendar.css
[Fri May  1 19:11:35 2026] [::1]:52140 Closing
[Fri May  1 19:11:35 2026] [::1]:52141 Closing
[Fri May  1 19:11:35 2026] [::1]:52142 Closing
[Fri May  1 19:11:35 2026] [::1]:52143 Closing
[Fri May  1 19:11:35 2026] [::1]:52144 Closing
[Fri May  1 19:11:35 2026] [::1]:52145 Accepted
[Fri May  1 19:11:35 2026] [::1]:52145 [200]: GET /assets/css/modern-dashboard.css
[Fri May  1 19:11:35 2026] [::1]:52145 Closing
[Fri May  1 19:11:35 2026] [::1]:52146 Accepted
[Fri May  1 19:11:35 2026] [::1]:52146 [200]: GET /api/notifications
[Fri May  1 19:11:35 2026] [::1]:52146 Closing
[Fri May  1 19:13:35 2026] [::1]:52155 Accepted
[Fri May  1 19:13:35 2026] [::1]:52155 [200]: GET /api/notifications
[Fri May  1 19:13:35 2026] [::1]:52155 Closing
[Fri May  1 19:14:21 2026] [::1]:52157 Accepted
[Fri May  1 19:14:21 2026] PHP Warning:  Undefined variable $allMedicines in C:\Users\Danny Ricaro\Downloads\healthcare-supply-chain\app\Views\dashboard\index.php on line 145
[Fri May  1 19:14:21 2026] PHP Fatal error:  Uncaught TypeError: array_filter(): Argument #1 ($array) must be of type array, null given in C:\Users\Danny Ricaro\Downloads\healthcare-supply-chain\app\Views\dashboard\index.php:145
Stack trace:
#0 C:\Users\Danny Ricaro\Downloads\healthcare-supply-chain\app\Views\dashboard\index.php(145): array_filter(NULL, Object(Closure))
#1 C:\Users\Danny Ricaro\Downloads\healthcare-supply-chain\app\Core\View.php(25): require('C:\\Users\\Danny ...')
#2 C:\Users\Danny Ricaro\Downloads\healthcare-supply-chain\app\Controllers\BaseController.php(12): App\Core\View::render('dashboard/index', Array)
#3 C:\Users\Danny Ricaro\Downloads\healthcare-supply-chain\app\Controllers\DashboardController.php(81): App\Controllers\BaseController->view('dashboard/index', Array)
#4 [internal function]: App\Controllers\DashboardController->index(Object(App\Core\Request))
#5 C:\Users\Danny Ricaro\Downloads\healthcare-supply-chain\app\Core\Router.php(131): call_user_func_array(Array, Array)
#6 C:\Users\Danny Ricaro\Downloads\healthcare-supply-chain\app\Core\Router.php(101): App\Core\Router->executeAction(Array, Array, Object(App\Core\Request))
#7 C:\Users\Danny Ricaro\Downloads\healthcare-supply-chain\public\index.php(24): App\Core\Router->dispatch(Object(App\Core\Request))
#8 {main}
  thrown in C:\Users\Danny Ricaro\Downloads\healthcare-supply-chain\app\Views\dashboard\index.php on line 145
[Fri May  1 19:14:21 2026] [::1]:52157 [200]: GET /dashboard - Uncaught TypeError: array_filter(): Argument #1 ($array) must be of type array, null given in C:\Users\Danny Ricaro\Downloads\healthcare-supply-chain\app\Views\dashboard\index.php:145
Stack trace:
#0 C:\Users\Danny Ricaro\Downloads\healthcare-supply-chain\app\Views\dashboard\index.php(145): array_filter(NULL, Object(Closure))
#1 C:\Users\Danny Ricaro\Downloads\healthcare-supply-chain\app\Core\View.php(25): require('C:\\Users\\Danny ...')
#2 C:\Users\Danny Ricaro\Downloads\healthcare-supply-chain\app\Controllers\BaseController.php(12): App\Core\View::render('dashboard/index', Array)
#3 C:\Users\Danny Ricaro\Downloads\healthcare-supply-chain\app\Controllers\DashboardController.php(81): App\Controllers\BaseController->view('dashboard/index', Array)
#4 [internal function]: App\Controllers\DashboardController->index(Object(App\Core\Request))
#5 C:\Users\Danny Ricaro\Downloads\healthcare-supply-chain\app\Core\Router.php(131): call_user_func_array(Array, Array)
#6 C:\Users\Danny Ricaro\Downloads\healthcare-supply-chain\app\Core\Router.php(101): App\Core\Router->executeAction(Array, Array, Object(App\Core\Request))
#7 C:\Users\Danny Ricaro\Downloads\healthcare-supply-chain\public\index.php(24): App\Core\Router->dispatch(Object(App\Core\Request))
#8 {main}
  thrown in C:\Users\Danny Ricaro\Downloads\healthcare-supply-chain\app\Views\dashboard\index.php on line 145
[Fri May  1 19:14:21 2026] [::1]:52157 Closing
[Fri May  1 19:14:21 2026] [::1]:52158 Accepted
[Fri May  1 19:14:21 2026] [::1]:52158 [200]: GET /assets/css/modern-dashboard.css
[Fri May  1 19:14:21 2026] [::1]:52158 Closing
[Fri May  1 19:14:22 2026] [::1]:52161 Accepted
[Fri May  1 19:14:22 2026] [::1]:52162 Accepted
[Fri May  1 19:14:23 2026] PHP Warning:  Undefined variable $allMedicines in C:\Users\Danny Ricaro\Downloads\healthcare-supply-chain\app\Views\dashboard\index.php on line 145
[Fri May  1 19:14:23 2026] PHP Fatal error:  Uncaught TypeError: array_filter(): Argument #1 ($array) must be of type array, null given in C:\Users\Danny Ricaro\Downloads\healthcare-supply-chain\app\Views\dashboard\index.php:145
Stack trace:
#0 C:\Users\Danny Ricaro\Downloads\healthcare-supply-chain\app\Views\dashboard\index.php(145): array_filter(NULL, Object(Closure))
#1 C:\Users\Danny Ricaro\Downloads\healthcare-supply-chain\app\Core\View.php(25): require('C:\\Users\\Danny ...')
#2 C:\Users\Danny Ricaro\Downloads\healthcare-supply-chain\app\Controllers\BaseController.php(12): App\Core\View::render('dashboard/index', Array)
#3 C:\Users\Danny Ricaro\Downloads\healthcare-supply-chain\app\Controllers\DashboardController.php(81): App\Controllers\BaseController->view('dashboard/index', Array)
#4 [internal function]: App\Controllers\DashboardController->index(Object(App\Core\Request))
#5 C:\Users\Danny Ricaro\Downloads\healthcare-supply-chain\app\Core\Router.php(131): call_user_func_array(Array, Array)
#6 C:\Users\Danny Ricaro\Downloads\healthcare-supply-chain\app\Core\Router.php(101): App\Core\Router->executeAction(Array, Array, Object(App\Core\Request))
#7 C:\Users\Danny Ricaro\Downloads\healthcare-supply-chain\public\index.php(24): App\Core\Router->dispatch(Object(App\Core\Request))
#8 {main}
  thrown in C:\Users\Danny Ricaro\Downloads\healthcare-supply-chain\app\Views\dashboard\index.php on line 145
[Fri May  1 19:14:23 2026] [::1]:52161 [200]: GET /dashboard - Uncaught TypeError: array_filter(): Argument #1 ($array) must be of type array, null given in C:\Users\Danny Ricaro\Downloads\healthcare-supply-chain\app\Views\dashboard\index.php:145
Stack trace:
#0 C:\Users\Danny Ricaro\Downloads\healthcare-supply-chain\app\Views\dashboard\index.php(145): array_filter(NULL, Object(Closure))
#1 C:\Users\Danny Ricaro\Downloads\healthcare-supply-chain\app\Core\View.php(25): require('C:\\Users\\Danny ...')
#2 C:\Users\Danny Ricaro\Downloads\healthcare-supply-chain\app\Controllers\BaseController.php(12): App\Core\View::render('dashboard/index', Array)
#3 C:\Users\Danny Ricaro\Downloads\healthcare-supply-chain\app\Controllers\DashboardController.php(81): App\Controllers\BaseController->view('dashboard/index', Array)
#4 [internal function]: App\Controllers\DashboardController->index(Object(App\Core\Request))
#5 C:\Users\Danny Ricaro\Downloads\healthcare-supply-chain\app\Core\Router.php(131): call_user_func_array(Array, Array)
#6 C:\Users\Danny Ricaro\Downloads\healthcare-supply-chain\app\Core\Router.php(101): App\Core\Router->executeAction(Array, Array, Object(App\Core\Request))
#7 C:\Users\Danny Ricaro\Downloads\healthcare-supply-chain\public\index.php(24): App\Core\Router->dispatch(Object(App\Core\Request))
#8 {main}
  thrown in C:\Users\Danny Ricaro\Downloads\healthcare-supply-chain\app\Views\dashboard\index.php on line 145
[Fri May  1 19:14:23 2026] [::1]:52161 Closing
[Fri May  1 19:14:23 2026] [::1]:52162 [200]: GET /assets/css/modern-dashboard.css
[Fri May  1 19:14:23 2026] [::1]:52162 Closing
[Fri May  1 19:14:25 2026] [::1]:52165 Accepted
[Fri May  1 19:14:26 2026] PHP Warning:  Undefined variable $allMedicines in C:\Users\Danny Ricaro\Downloads\healthcare-supply-chain\app\Views\dashboard\index.php on line 145
[Fri May  1 19:14:26 2026] PHP Fatal error:  Uncaught TypeError: array_filter(): Argument #1 ($array) must be of type array, null given in C:\Users\Danny Ricaro\Downloads\healthcare-supply-chain\app\Views\dashboard\index.php:145
Stack trace:
#0 C:\Users\Danny Ricaro\Downloads\healthcare-supply-chain\app\Views\dashboard\index.php(145): array_filter(NULL, Object(Closure))
#1 C:\Users\Danny Ricaro\Downloads\healthcare-supply-chain\app\Core\View.php(25): require('C:\\Users\\Danny ...')
#2 C:\Users\Danny Ricaro\Downloads\healthcare-supply-chain\app\Controllers\BaseController.php(12): App\Core\View::render('dashboard/index', Array)
#3 C:\Users\Danny Ricaro\Downloads\healthcare-supply-chain\app\Controllers\DashboardController.php(81): App\Controllers\BaseController->view('dashboard/index', Array)
#4 [internal function]: App\Controllers\DashboardController->index(Object(App\Core\Request))
#5 C:\Users\Danny Ricaro\Downloads\healthcare-supply-chain\app\Core\Router.php(131): call_user_func_array(Array, Array)
#6 C:\Users\Danny Ricaro\Downloads\healthcare-supply-chain\app\Core\Router.php(101): App\Core\Router->executeAction(Array, Array, Object(App\Core\Request))
#7 C:\Users\Danny Ricaro\Downloads\healthcare-supply-chain\public\index.php(24): App\Core\Router->dispatch(Object(App\Core\Request))
#8 {main}
  thrown in C:\Users\Danny Ricaro\Downloads\healthcare-supply-chain\app\Views\dashboard\index.php on line 145
[Fri May  1 19:14:26 2026] [::1]:52165 [200]: GET /dashboard - Uncaught TypeError: array_filter(): Argument #1 ($array) must be of type array, null given in C:\Users\Danny Ricaro\Downloads\healthcare-supply-chain\app\Views\dashboard\index.php:145
Stack trace:
#0 C:\Users\Danny Ricaro\Downloads\healthcare-supply-chain\app\Views\dashboard\index.php(145): array_filter(NULL, Object(Closure))
#1 C:\Users\Danny Ricaro\Downloads\healthcare-supply-chain\app\Core\View.php(25): require('C:\\Users\\Danny ...')
#2 C:\Users\Danny Ricaro\Downloads\healthcare-supply-chain\app\Controllers\BaseController.php(12): App\Core\View::render('dashboard/index', Array)
#3 C:\Users\Danny Ricaro\Downloads\healthcare-supply-chain\app\Controllers\DashboardController.php(81): App\Controllers\BaseController->view('dashboard/index', Array)
#4 [internal function]: App\Controllers\DashboardController->index(Object(App\Core\Request))
#5 C:\Users\Danny Ricaro\Downloads\healthcare-supply-chain\app\Core\Router.php(131): call_user_func_array(Array, Array)
#6 C:\Users\Danny Ricaro\Downloads\healthcare-supply-chain\app\Core\Router.php(101): App\Core\Router->executeAction(Array, Array, Object(App\Core\Request))
#7 C:\Users\Danny Ricaro\Downloads\healthcare-supply-chain\public\index.php(24): App\Core\Router->dispatch(Object(App\Core\Request))
#8 {main}
  thrown in C:\Users\Danny Ricaro\Downloads\healthcare-supply-chain\app\Views\dashboard\index.php on line 145
[Fri May  1 19:14:26 2026] [::1]:52165 Closing
[Fri May  1 19:14:26 2026] [::1]:52166 Accepted
[Fri May  1 19:14:26 2026] [::1]:52166 [200]: GET /assets/css/modern-dashboard.css
[Fri May  1 19:14:26 2026] [::1]:52166 Closing
[Fri May  1 19:15:53 2026] [::1]:52168 Accepted
[Fri May  1 19:15:53 2026] [::1]:52169 Accepted
[Fri May  1 19:15:53 2026] PHP Warning:  Array to string conversion in C:\Users\Danny Ricaro\Downloads\healthcare-supply-chain\app\Views\dashboard\index.php on line 146
[Fri May  1 19:15:53 2026] PHP Warning:  Array to string conversion in C:\Users\Danny Ricaro\Downloads\healthcare-supply-chain\app\Views\dashboard\index.php on line 146
[Fri May  1 19:15:53 2026] PHP Warning:  Array to string conversion in C:\Users\Danny Ricaro\Downloads\healthcare-supply-chain\app\Views\dashboard\index.php on line 146
[Fri May  1 19:15:53 2026] PHP Warning:  Array to string conversion in C:\Users\Danny Ricaro\Downloads\healthcare-supply-chain\app\Views\dashboard\index.php on line 146
[Fri May  1 19:15:53 2026] PHP Warning:  Array to string conversion in C:\Users\Danny Ricaro\Downloads\healthcare-supply-chain\app\Views\dashboard\index.php on line 146
[Fri May  1 19:15:53 2026] PHP Warning:  Array to string conversion in C:\Users\Danny Ricaro\Downloads\healthcare-supply-chain\app\Views\dashboard\index.php on line 146
[Fri May  1 19:15:53 2026] PHP Warning:  Array to string conversion in C:\Users\Danny Ricaro\Downloads\healthcare-supply-chain\app\Views\dashboard\index.php on line 146
[Fri May  1 19:15:53 2026] PHP Warning:  Array to string conversion in C:\Users\Danny Ricaro\Downloads\healthcare-supply-chain\app\Views\dashboard\index.php on line 146
[Fri May  1 19:15:53 2026] PHP Warning:  Array to string conversion in C:\Users\Danny Ricaro\Downloads\healthcare-supply-chain\app\Views\dashboard\index.php on line 146
[Fri May  1 19:15:53 2026] PHP Warning:  Array to string conversion in C:\Users\Danny Ricaro\Downloads\healthcare-supply-chain\app\Views\dashboard\index.php on line 146
[Fri May  1 19:15:53 2026] PHP Warning:  Array to string conversion in C:\Users\Danny Ricaro\Downloads\healthcare-supply-chain\app\Views\dashboard\index.php on line 146
[Fri May  1 19:15:53 2026] PHP Warning:  Array to string conversion in C:\Users\Danny Ricaro\Downloads\healthcare-supply-chain\app\Views\dashboard\index.php on line 146
[Fri May  1 19:15:53 2026] PHP Warning:  Array to string conversion in C:\Users\Danny Ricaro\Downloads\healthcare-supply-chain\app\Views\dashboard\index.php on line 146
[Fri May  1 19:15:53 2026] PHP Warning:  Array to string conversion in C:\Users\Danny Ricaro\Downloads\healthcare-supply-chain\app\Views\dashboard\index.php on line 146
[Fri May  1 19:15:53 2026] PHP Warning:  Array to string conversion in C:\Users\Danny Ricaro\Downloads\healthcare-supply-chain\app\Views\dashboard\index.php on line 146
[Fri May  1 19:15:53 2026] PHP Warning:  Array to string conversion in C:\Users\Danny Ricaro\Downloads\healthcare-supply-chain\app\Views\dashboard\index.php on line 146
[Fri May  1 19:15:53 2026] PHP Warning:  Array to string conversion in C:\Users\Danny Ricaro\Downloads\healthcare-supply-chain\app\Views\dashboard\index.php on line 146
[Fri May  1 19:15:53 2026] [::1]:52168 [200]: GET /dashboard
[Fri May  1 19:15:53 2026] [::1]:52168 Closing
[Fri May  1 19:15:53 2026] [::1]:52169 [200]: GET /assets/css/premium.css
[Fri May  1 19:15:53 2026] [::1]:52169 Closing
[Fri May  1 19:15:53 2026] [::1]:52172 Accepted
[Fri May  1 19:15:53 2026] [::1]:52173 Accepted
[Fri May  1 19:15:53 2026] [::1]:52174 Accepted
[Fri May  1 19:15:53 2026] [::1]:52175 Accepted
[Fri May  1 19:15:53 2026] [::1]:52172 [200]: GET /assets/css/sticky-fix.css
[Fri May  1 19:15:53 2026] [::1]:52173 [200]: GET /assets/css/sidebar-advanced.css
[Fri May  1 19:15:53 2026] [::1]:52174 [200]: GET /assets/css/topbar-fix.css
[Fri May  1 19:15:53 2026] [::1]:52175 [200]: GET /assets/css/notifications.css
[Fri May  1 19:15:53 2026] [::1]:52172 Closing
[Fri May  1 19:15:53 2026] [::1]:52173 Closing
[Fri May  1 19:15:53 2026] [::1]:52174 Closing
[Fri May  1 19:15:53 2026] [::1]:52175 Closing
[Fri May  1 19:15:53 2026] [::1]:52176 Accepted
[Fri May  1 19:15:53 2026] [::1]:52176 [200]: GET /assets/css/calendar.css
[Fri May  1 19:15:53 2026] [::1]:52176 Closing
[Fri May  1 19:15:53 2026] [::1]:52177 Accepted
[Fri May  1 19:15:53 2026] [::1]:52177 [200]: GET /assets/css/modern-dashboard.css
[Fri May  1 19:15:53 2026] [::1]:52177 Closing
[Fri May  1 19:15:53 2026] [::1]:52178 Accepted
[Fri May  1 19:15:53 2026] [::1]:52178 [200]: GET /api/notifications
[Fri May  1 19:15:53 2026] [::1]:52178 Closing
[Fri May  1 19:15:55 2026] [::1]:52180 Accepted
[Fri May  1 19:15:55 2026] PHP Warning:  Array to string conversion in C:\Users\Danny Ricaro\Downloads\healthcare-supply-chain\app\Views\dashboard\index.php on line 146
[Fri May  1 19:15:55 2026] PHP Warning:  Array to string conversion in C:\Users\Danny Ricaro\Downloads\healthcare-supply-chain\app\Views\dashboard\index.php on line 146
[Fri May  1 19:15:55 2026] PHP Warning:  Array to string conversion in C:\Users\Danny Ricaro\Downloads\healthcare-supply-chain\app\Views\dashboard\index.php on line 146
[Fri May  1 19:15:55 2026] PHP Warning:  Array to string conversion in C:\Users\Danny Ricaro\Downloads\healthcare-supply-chain\app\Views\dashboard\index.php on line 146
[Fri May  1 19:15:55 2026] PHP Warning:  Array to string conversion in C:\Users\Danny Ricaro\Downloads\healthcare-supply-chain\app\Views\dashboard\index.php on line 146
[Fri May  1 19:15:55 2026] PHP Warning:  Array to string conversion in C:\Users\Danny Ricaro\Downloads\healthcare-supply-chain\app\Views\dashboard\index.php on line 146
[Fri May  1 19:15:55 2026] PHP Warning:  Array to string conversion in C:\Users\Danny Ricaro\Downloads\healthcare-supply-chain\app\Views\dashboard\index.php on line 146
[Fri May  1 19:15:55 2026] PHP Warning:  Array to string conversion in C:\Users\Danny Ricaro\Downloads\healthcare-supply-chain\app\Views\dashboard\index.php on line 146
[Fri May  1 19:15:55 2026] PHP Warning:  Array to string conversion in C:\Users\Danny Ricaro\Downloads\healthcare-supply-chain\app\Views\dashboard\index.php on line 146
[Fri May  1 19:15:55 2026] PHP Warning:  Array to string conversion in C:\Users\Danny Ricaro\Downloads\healthcare-supply-chain\app\Views\dashboard\index.php on line 146
[Fri May  1 19:15:55 2026] PHP Warning:  Array to string conversion in C:\Users\Danny Ricaro\Downloads\healthcare-supply-chain\app\Views\dashboard\index.php on line 146
[Fri May  1 19:15:55 2026] PHP Warning:  Array to string conversion in C:\Users\Danny Ricaro\Downloads\healthcare-supply-chain\app\Views\dashboard\index.php on line 146
[Fri May  1 19:15:55 2026] PHP Warning:  Array to string conversion in C:\Users\Danny Ricaro\Downloads\healthcare-supply-chain\app\Views\dashboard\index.php on line 146
[Fri May  1 19:15:55 2026] PHP Warning:  Array to string conversion in C:\Users\Danny Ricaro\Downloads\healthcare-supply-chain\app\Views\dashboard\index.php on line 146
[Fri May  1 19:15:55 2026] PHP Warning:  Array to string conversion in C:\Users\Danny Ricaro\Downloads\healthcare-supply-chain\app\Views\dashboard\index.php on line 146
[Fri May  1 19:15:55 2026] PHP Warning:  Array to string conversion in C:\Users\Danny Ricaro\Downloads\healthcare-supply-chain\app\Views\dashboard\index.php on line 146
[Fri May  1 19:15:55 2026] PHP Warning:  Array to string conversion in C:\Users\Danny Ricaro\Downloads\healthcare-supply-chain\app\Views\dashboard\index.php on line 146
[Fri May  1 19:15:55 2026] [::1]:52180 [200]: GET /dashboard
[Fri May  1 19:15:55 2026] [::1]:52180 Closing
[Fri May  1 19:15:55 2026] [::1]:52181 Accepted
[Fri May  1 19:15:55 2026] [::1]:52181 [200]: GET /assets/css/premium.css
[Fri May  1 19:15:55 2026] [::1]:52181 Closing
[Fri May  1 19:15:55 2026] [::1]:52183 Accepted
[Fri May  1 19:15:55 2026] [::1]:52184 Accepted
[Fri May  1 19:15:55 2026] [::1]:52185 Accepted
[Fri May  1 19:15:55 2026] [::1]:52186 Accepted
[Fri May  1 19:15:55 2026] [::1]:52187 Accepted
[Fri May  1 19:15:55 2026] [::1]:52183 [200]: GET /assets/css/sticky-fix.css
[Fri May  1 19:15:55 2026] [::1]:52184 [200]: GET /assets/css/sidebar-advanced.css
[Fri May  1 19:15:55 2026] [::1]:52185 [200]: GET /assets/css/topbar-fix.css
[Fri May  1 19:15:55 2026] [::1]:52183 Closing
[Fri May  1 19:15:55 2026] [::1]:52186 [200]: GET /assets/css/notifications.css
[Fri May  1 19:15:55 2026] [::1]:52187 [200]: GET /assets/css/calendar.css
[Fri May  1 19:15:55 2026] [::1]:52184 Closing
[Fri May  1 19:15:55 2026] [::1]:52185 Closing
[Fri May  1 19:15:55 2026] [::1]:52186 Closing
[Fri May  1 19:15:55 2026] [::1]:52187 Closing
[Fri May  1 19:15:55 2026] [::1]:52188 Accepted
[Fri May  1 19:15:55 2026] [::1]:52188 [200]: GET /assets/css/modern-dashboard.css
[Fri May  1 19:15:55 2026] [::1]:52188 Closing
[Fri May  1 19:15:55 2026] [::1]:52189 Accepted
[Fri May  1 19:15:55 2026] [::1]:52189 [200]: GET /api/notifications
[Fri May  1 19:15:55 2026] [::1]:52189 Closing
[Fri May  1 19:17:27 2026] [::1]:52195 Accepted
[Fri May  1 19:17:27 2026] [::1]:52195 [200]: GET /dashboard
[Fri May  1 19:17:27 2026] [::1]:52195 Closing
[Fri May  1 19:17:27 2026] [::1]:52196 Accepted
[Fri May  1 19:17:27 2026] [::1]:52196 [200]: GET /assets/css/premium.css
[Fri May  1 19:17:27 2026] [::1]:52196 Closing
[Fri May  1 19:17:27 2026] [::1]:52199 Accepted
[Fri May  1 19:17:27 2026] [::1]:52200 Accepted
[Fri May  1 19:17:27 2026] [::1]:52201 Accepted
[Fri May  1 19:17:27 2026] [::1]:52202 Accepted
[Fri May  1 19:17:27 2026] [::1]:52203 Accepted
[Fri May  1 19:17:27 2026] [::1]:52199 [200]: GET /assets/css/sticky-fix.css
[Fri May  1 19:17:27 2026] [::1]:52200 [200]: GET /assets/css/sidebar-advanced.css
[Fri May  1 19:17:27 2026] [::1]:52203 [200]: GET /assets/css/topbar-fix.css
[Fri May  1 19:17:27 2026] [::1]:52202 [200]: GET /assets/css/notifications.css
[Fri May  1 19:17:27 2026] [::1]:52199 Closing
[Fri May  1 19:17:27 2026] [::1]:52201 [200]: GET /assets/css/calendar.css
[Fri May  1 19:17:27 2026] [::1]:52200 Closing
[Fri May  1 19:17:27 2026] [::1]:52203 Closing
[Fri May  1 19:17:27 2026] [::1]:52202 Closing
[Fri May  1 19:17:27 2026] [::1]:52201 Closing
[Fri May  1 19:17:27 2026] [::1]:52204 Accepted
[Fri May  1 19:17:27 2026] [::1]:52204 [200]: GET /assets/css/modern-dashboard.css
[Fri May  1 19:17:27 2026] [::1]:52204 Closing
[Fri May  1 19:17:27 2026] [::1]:52205 Accepted
[Fri May  1 19:17:27 2026] [::1]:52205 [200]: GET /api/notifications
[Fri May  1 19:17:27 2026] [::1]:52205 Closing
[Fri May  1 19:18:38 2026] [::1]:52214 Accepted
[Fri May  1 19:18:38 2026] [::1]:52214 [200]: GET /medicines/create
[Fri May  1 19:18:38 2026] [::1]:52214 Closing
[Fri May  1 19:18:38 2026] [::1]:52215 Accepted
[Fri May  1 19:18:38 2026] [::1]:52215 [200]: GET /assets/css/premium.css
[Fri May  1 19:18:38 2026] [::1]:52215 Closing
[Fri May  1 19:18:38 2026] [::1]:52217 Accepted
[Fri May  1 19:18:38 2026] [::1]:52217 [200]: GET /assets/css/sticky-fix.css
[Fri May  1 19:18:38 2026] [::1]:52217 Closing
[Fri May  1 19:18:38 2026] [::1]:52218 Accepted
[Fri May  1 19:18:38 2026] [::1]:52219 Accepted
[Fri May  1 19:18:38 2026] [::1]:52218 [200]: GET /assets/css/sidebar-advanced.css
[Fri May  1 19:18:38 2026] [::1]:52219 [200]: GET /assets/css/topbar-fix.css
[Fri May  1 19:18:38 2026] [::1]:52218 Closing
[Fri May  1 19:18:38 2026] [::1]:52219 Closing
[Fri May  1 19:18:38 2026] [::1]:52220 Accepted
[Fri May  1 19:18:38 2026] [::1]:52221 Accepted
[Fri May  1 19:18:38 2026] [::1]:52220 [200]: GET /assets/css/notifications.css
[Fri May  1 19:18:38 2026] [::1]:52221 [200]: GET /assets/css/calendar.css
[Fri May  1 19:18:38 2026] [::1]:52220 Closing
[Fri May  1 19:18:38 2026] [::1]:52221 Closing
[Fri May  1 19:18:38 2026] [::1]:52222 Accepted
[Fri May  1 19:18:38 2026] [::1]:52222 [200]: GET /api/notifications
[Fri May  1 19:18:38 2026] [::1]:52222 Closing
[Sat May  2 00:32:01 2026] [::1]:53801 Accepted
[Sat May  2 00:32:02 2026] [::1]:53801 [200]: GET /
[Sat May  2 00:32:02 2026] [::1]:53801 Closing
[Sat May  2 00:32:02 2026] [::1]:53802 Accepted
[Sat May  2 00:32:03 2026] [::1]:53802 [404]: GET /favicon.ico - No such file or directory
[Sat May  2 00:32:03 2026] [::1]:53802 Closing
[Sat May  2 00:32:11 2026] [::1]:53815 Accepted
[Sat May  2 00:32:12 2026] [::1]:53815 [302]: POST /login
[Sat May  2 00:32:12 2026] [::1]:53815 Closing
[Sat May  2 00:32:12 2026] [::1]:53816 Accepted
[Sat May  2 00:32:12 2026] [::1]:53816 [200]: GET /dashboard
[Sat May  2 00:32:12 2026] [::1]:53816 Closing
[Sat May  2 00:32:12 2026] [::1]:53820 Accepted
[Sat May  2 00:32:12 2026] [::1]:53821 Accepted
[Sat May  2 00:32:12 2026] [::1]:53822 Accepted
[Sat May  2 00:32:12 2026] [::1]:53823 Accepted
[Sat May  2 00:32:12 2026] [::1]:53824 Accepted
[Sat May  2 00:32:12 2026] [::1]:53825 Accepted
[Sat May  2 00:32:12 2026] [::1]:53820 [200]: GET /assets/css/premium.css
[Sat May  2 00:32:12 2026] [::1]:53821 [200]: GET /assets/css/sticky-fix.css
[Sat May  2 00:32:12 2026] [::1]:53822 [200]: GET /assets/css/sidebar-advanced.css
[Sat May  2 00:32:12 2026] [::1]:53823 [200]: GET /assets/css/topbar-fix.css
[Sat May  2 00:32:12 2026] [::1]:53824 [200]: GET /assets/css/notifications.css
[Sat May  2 00:32:12 2026] [::1]:53825 [200]: GET /assets/css/calendar.css
[Sat May  2 00:32:12 2026] [::1]:53820 Closing
[Sat May  2 00:32:12 2026] [::1]:53821 Closing
[Sat May  2 00:32:12 2026] [::1]:53822 Closing
[Sat May  2 00:32:12 2026] [::1]:53823 Closing
[Sat May  2 00:32:12 2026] [::1]:53824 Closing
[Sat May  2 00:32:12 2026] [::1]:53825 Closing
[Sat May  2 00:32:12 2026] [::1]:53826 Accepted
[Sat May  2 00:32:12 2026] [::1]:53826 [200]: GET /assets/css/modern-dashboard.css
[Sat May  2 00:32:12 2026] [::1]:53826 Closing
[Sat May  2 00:32:13 2026] [::1]:53827 Accepted
[Sat May  2 00:32:13 2026] [::1]:53827 [200]: GET /api/notifications
[Sat May  2 00:32:13 2026] [::1]:53827 Closing
[Sat May  2 00:32:50 2026] [::1]:53829 Accepted
[Sat May  2 00:32:50 2026] [::1]:53830 Accepted
[Sat May  2 00:32:50 2026] [::1]:53829 [200]: GET /medicines
[Sat May  2 00:32:50 2026] [::1]:53829 Closing
[Sat May  2 00:32:50 2026] [::1]:53830 [200]: GET /assets/css/premium.css
[Sat May  2 00:32:50 2026] [::1]:53832 Accepted
[Sat May  2 00:32:50 2026] [::1]:53830 Closing
[Sat May  2 00:32:50 2026] [::1]:53832 [200]: GET /assets/css/sticky-fix.css
[Sat May  2 00:32:50 2026] [::1]:53833 Accepted
[Sat May  2 00:32:50 2026] [::1]:53832 Closing
[Sat May  2 00:32:50 2026] [::1]:53834 Accepted
[Sat May  2 00:32:50 2026] [::1]:53835 Accepted
[Sat May  2 00:32:50 2026] [::1]:53833 [200]: GET /assets/css/sidebar-advanced.css
[Sat May  2 00:32:50 2026] [::1]:53833 Closing
[Sat May  2 00:32:50 2026] [::1]:53836 Accepted
[Sat May  2 00:32:50 2026] [::1]:53834 [200]: GET /assets/css/topbar-fix.css
[Sat May  2 00:32:50 2026] [::1]:53835 [200]: GET /assets/css/notifications.css
[Sat May  2 00:32:50 2026] [::1]:53836 [200]: GET /assets/css/calendar.css
[Sat May  2 00:32:50 2026] [::1]:53834 Closing
[Sat May  2 00:32:50 2026] [::1]:53835 Closing
[Sat May  2 00:32:50 2026] [::1]:53836 Closing
[Sat May  2 00:32:50 2026] [::1]:53837 Accepted
[Sat May  2 00:32:50 2026] [::1]:53838 Accepted
[Sat May  2 00:32:50 2026] [::1]:53837 [200]: GET /assets/css/medicines-advanced.css
[Sat May  2 00:32:50 2026] [::1]:53838 [200]: GET /assets/js/medicines-advanced.js
[Sat May  2 00:32:50 2026] [::1]:53837 Closing
[Sat May  2 00:32:50 2026] [::1]:53838 Closing
[Sat May  2 00:32:51 2026] [::1]:53839 Accepted
[Sat May  2 00:32:51 2026] [::1]:53839 [200]: GET /api/notifications
[Sat May  2 00:32:51 2026] [::1]:53839 Closing
